-- MySQL dump 10.13  Distrib 5.5.38, for debian-linux-gnu (x86_64)
--
-- Host: localhost    Database: bober
-- ------------------------------------------------------
-- Server version	5.5.38-0ubuntu0.14.04.1

/*!40101 SET @OLD_CHARACTER_SET_CLIENT=@@CHARACTER_SET_CLIENT */;
/*!40101 SET @OLD_CHARACTER_SET_RESULTS=@@CHARACTER_SET_RESULTS */;
/*!40101 SET @OLD_COLLATION_CONNECTION=@@COLLATION_CONNECTION */;
/*!40101 SET NAMES utf8 */;
/*!40103 SET @OLD_TIME_ZONE=@@TIME_ZONE */;
/*!40103 SET TIME_ZONE='+00:00' */;
/*!40014 SET @OLD_UNIQUE_CHECKS=@@UNIQUE_CHECKS, UNIQUE_CHECKS=0 */;
/*!40014 SET @OLD_FOREIGN_KEY_CHECKS=@@FOREIGN_KEY_CHECKS, FOREIGN_KEY_CHECKS=0 */;
/*!40101 SET @OLD_SQL_MODE=@@SQL_MODE, SQL_MODE='NO_AUTO_VALUE_ON_ZERO' */;
/*!40111 SET @OLD_SQL_NOTES=@@SQL_NOTES, SQL_NOTES=0 */;

--
-- Table structure for table `YiiSession`
--

DROP TABLE IF EXISTS `YiiSession`;
/*!40101 SET @saved_cs_client     = @@character_set_client */;
/*!40101 SET character_set_client = utf8 */;
CREATE TABLE `YiiSession` (
  `id` char(32) NOT NULL,
  `expire` int(11) DEFAULT NULL,
  `data` longblob,
  PRIMARY KEY (`id`)
) DEFAULT CHARSET=utf8;
/*!40101 SET character_set_client = @saved_cs_client */;

--
-- Dumping data for table `YiiSession`
--

LOCK TABLES `YiiSession` WRITE;
/*!40000 ALTER TABLE `YiiSession` DISABLE KEYS */;
INSERT INTO `YiiSession` VALUES ('03ibk95ggbosgepeughbt89cn6',1408355167,''),('12o6cifmsusk1g6klbvtcr8596',1408354727,'competition_user_id|s:3:\"834\";'),('1j51471gpvm02i2atbqqu19oq3',1408354727,'competition_user_id|s:3:\"835\";'),('27k09lafbgt5efujfencai6ft2',1408354725,'competition_user_id|s:3:\"829\";'),('37ng3ofmh7dh8a36brpndb7776',1408354727,'competition_user_id|s:3:\"837\";'),('3ebassoi58frjggt6e0sesfsf6',1408355167,''),('6dddeco9771ooaqgeoaof3ocl1',1408355165,''),('78d4i75ksmbdev0990kou8hrq4',1408355166,''),('99pg299ua42p4hi2tb272u8bg3',1408354727,'competition_user_id|s:3:\"836\";'),('9uqahm9jirvguk9ll5lvq1ib23',1408355167,''),('c4or5fhfg6elbsd8k55nqlkio7',1408354727,'competition_user_id|s:3:\"838\";'),('e7sd81is8q6lv7t2et04l2oej1',1408355168,''),('eepemkgc26s2d4eihbkslc1f77',1408355167,''),('eo3i6fl5faagksbtb2l3lnh511',1408355166,''),('eve98r63bcf563eeo9hrr64h70',1408482729,''),('j3ivmesfue9cbif2b0628k5oa3',1408354727,'competition_user_id|s:3:\"833\";'),('ku1kresprhpv6vc243o9kjlm73',1408355167,''),('l1lgbugughv5lvjlgbqb802ks0',1408354726,'competition_user_id|s:3:\"831\";'),('o9ek8kmir16lob348ajqikf1q2',1408482845,'7440c6cde45975f2d04f3e79977466f1__returnUrl|s:28:\"/index.php/competition/admin\";7440c6cde45975f2d04f3e79977466f1__id|s:1:\"1\";7440c6cde45975f2d04f3e79977466f1__name|s:5:\"admin\";7440c6cde45975f2d04f3e79977466f1__states|a:0:{}7440c6cde45975f2d04f3e79977466f1email|s:17:\"admin@example.net\";7440c6cde45975f2d04f3e79977466f1username|s:5:\"admin\";7440c6cde45975f2d04f3e79977466f1create_at|s:19:\"2013-11-09 19:19:50\";7440c6cde45975f2d04f3e79977466f1lastvisit_at|s:19:\"0000-00-00 00:00:00\";7440c6cde45975f2d04f3e79977466f1user_id|s:1:\"1\";7440c6cde45975f2d04f3e79977466f1first_name|s:5:\"Admin\";7440c6cde45975f2d04f3e79977466f1last_name|s:5:\"admin\";7440c6cde45975f2d04f3e79977466f1country_id|s:1:\"2\";7440c6cde45975f2d04f3e79977466f1language_id|s:1:\"3\";7440c6cde45975f2d04f3e79977466f1user_role|s:2:\"15\";7440c6cde45975f2d04f3e79977466f1timezone|s:0:\"\";7440c6cde45975f2d04f3e79977466f1phone_number|s:0:\"\";'),('q9spbq54ma5sdmu660pcjodlp4',1408355167,''),('rn07k8vgjhrr5ribscmajgbig1',1408354726,'competition_user_id|s:3:\"832\";'),('sjgochr8ejdabglbfqf95ebsn7',1408539017,'7440c6cde45975f2d04f3e79977466f1__id|s:1:\"1\";7440c6cde45975f2d04f3e79977466f1__name|s:5:\"admin\";7440c6cde45975f2d04f3e79977466f1__states|a:0:{}7440c6cde45975f2d04f3e79977466f1email|s:17:\"admin@example.net\";7440c6cde45975f2d04f3e79977466f1username|s:5:\"admin\";7440c6cde45975f2d04f3e79977466f1create_at|s:19:\"2013-11-09 19:19:50\";7440c6cde45975f2d04f3e79977466f1lastvisit_at|s:19:\"0000-00-00 00:00:00\";7440c6cde45975f2d04f3e79977466f1user_id|s:1:\"1\";7440c6cde45975f2d04f3e79977466f1first_name|s:5:\"Admin\";7440c6cde45975f2d04f3e79977466f1last_name|s:5:\"admin\";7440c6cde45975f2d04f3e79977466f1country_id|s:1:\"2\";7440c6cde45975f2d04f3e79977466f1language_id|s:1:\"3\";7440c6cde45975f2d04f3e79977466f1user_role|s:2:\"15\";7440c6cde45975f2d04f3e79977466f1timezone|s:0:\"\";7440c6cde45975f2d04f3e79977466f1phone_number|s:0:\"\";7440c6cde45975f2d04f3e79977466f1__returnUrl|s:21:\"/index.php/site/index\";'),('t8mtvbeojjfpmc8cm38tb6j2u0',1408381403,''),('te8mfnfpcql0e6ecgmh66kdj40',1408381778,'faba2fa98de5af4b5945951de38423df__returnUrl|s:48:\"/index.php/competitionCategorySchoolMentor/admin\";'),('uteqdfs967bh9bnaigokd6se91',1408354726,'competition_user_id|s:3:\"830\";');
/*!40000 ALTER TABLE `YiiSession` ENABLE KEYS */;
UNLOCK TABLES;

--
-- Table structure for table `award`
--

DROP TABLE IF EXISTS `award`;
/*!40101 SET @saved_cs_client     = @@character_set_client */;
/*!40101 SET character_set_client = utf8 */;
CREATE TABLE `award` (
  `id` int(11) NOT NULL AUTO_INCREMENT,
  `competition_user_id` int(11) NOT NULL,
  `type` int(11) NOT NULL COMMENT '1 == Priznanje za udeležbo, 5 == Bronasto, 10 == Srebrno, 15 == Zlato',
  `serial` varchar(255) NOT NULL,
  PRIMARY KEY (`id`),
  UNIQUE KEY `serial` (`serial`),
  UNIQUE KEY `competition_user_id_type` (`competition_user_id`,`type`),
  KEY `competition_user_id` (`competition_user_id`),
  CONSTRAINT `award_ibfk_1` FOREIGN KEY (`competition_user_id`) REFERENCES `competition_user` (`id`) ON DELETE CASCADE ON UPDATE NO ACTION
) DEFAULT CHARSET=utf8;
/*!40101 SET character_set_client = @saved_cs_client */;

--
-- Dumping data for table `award`
--

LOCK TABLES `award` WRITE;
/*!40000 ALTER TABLE `award` DISABLE KEYS */;
/*!40000 ALTER TABLE `award` ENABLE KEYS */;
UNLOCK TABLES;

--
-- Table structure for table `competition`
--

DROP TABLE IF EXISTS `competition`;
/*!40101 SET @saved_cs_client     = @@character_set_client */;
/*!40101 SET character_set_client = utf8 */;
CREATE TABLE `competition` (
  `id` int(11) NOT NULL AUTO_INCREMENT,
  `name` varchar(255) NOT NULL,
  `active` tinyint(1) NOT NULL DEFAULT '0',
  `timestamp_start` datetime NOT NULL,
  `timestamp_stop` datetime NOT NULL,
  `type` int(2) NOT NULL DEFAULT '1' COMMENT '1==šolsko tekmovanje;2 == državno tekmovanje',
  `public_access` tinyint(1) NOT NULL DEFAULT '0',
  `duration` int(11) NOT NULL DEFAULT '45',
  `timestamp_mentor_results` datetime DEFAULT NULL,
  `timestamp_mentor_awards` datetime DEFAULT NULL,
  `timestamp_mentor_advancing_to_next_level` datetime DEFAULT NULL,
  PRIMARY KEY (`id`),
  KEY `name` (`name`)
) AUTO_INCREMENT=14 DEFAULT CHARSET=utf8;
/*!40101 SET character_set_client = @saved_cs_client */;

--
-- Dumping data for table `competition`
--

LOCK TABLES `competition` WRITE;
/*!40000 ALTER TABLE `competition` DISABLE KEYS */;
INSERT INTO `competition` VALUES (5,'Bober - test',1,'2014-08-01 01:55:00','2015-01-01 01:55:00',1,1,45,NULL,NULL,NULL);
/*!40000 ALTER TABLE `competition` ENABLE KEYS */;
UNLOCK TABLES;

--
-- Table structure for table `competition_category`
--

DROP TABLE IF EXISTS `competition_category`;
/*!40101 SET @saved_cs_client     = @@character_set_client */;
/*!40101 SET character_set_client = utf8 */;
CREATE TABLE `competition_category` (
  `id` int(11) NOT NULL AUTO_INCREMENT,
  `active` tinyint(1) NOT NULL DEFAULT '1',
  `country_id` int(11) NOT NULL DEFAULT '1',
  `name` varchar(255) NOT NULL,
  `level_of_education` int(1) NOT NULL DEFAULT '0' COMMENT '0 == Osnovna šola, 1 == srednja šola',
  `class_from` int(3) NOT NULL,
  `class_to` int(3) NOT NULL,
  PRIMARY KEY (`id`),
  KEY `country_id` (`country_id`),
  KEY `name` (`name`),
  KEY `id` (`id`,`name`),
  CONSTRAINT `competition_category_ibfk_1` FOREIGN KEY (`country_id`) REFERENCES `country` (`id`) ON DELETE CASCADE ON UPDATE NO ACTION
) AUTO_INCREMENT=13 DEFAULT CHARSET=utf8;
/*!40101 SET character_set_client = @saved_cs_client */;

--
-- Dumping data for table `competition_category`
--

LOCK TABLES `competition_category` WRITE;
/*!40000 ALTER TABLE `competition_category` DISABLE KEYS */;
INSERT INTO `competition_category` VALUES (10,1,4,'Benjamin',1,5,6),(11,1,4,'Cadet',1,7,8),(12,1,4,'Senior',2,1,2);
/*!40000 ALTER TABLE `competition_category` ENABLE KEYS */;
UNLOCK TABLES;

--
-- Table structure for table `competition_category_active`
--

DROP TABLE IF EXISTS `competition_category_active`;
/*!40101 SET @saved_cs_client     = @@character_set_client */;
/*!40101 SET character_set_client = utf8 */;
CREATE TABLE `competition_category_active` (
  `id` int(11) NOT NULL AUTO_INCREMENT,
  `competition_id` int(11) NOT NULL,
  `competition_category_id` int(11) NOT NULL,
  `number_of_questions` int(11) DEFAULT NULL,
  `minimum_points_for_bronze_award` decimal(10,4) DEFAULT NULL,
  `maximum_bronze_awards` int(11) NOT NULL DEFAULT '0',
  `minimum_points_for_silver_award` decimal(10,4) DEFAULT NULL,
  `maximum_silver_awards` int(11) NOT NULL DEFAULT '0',
  `minimum_points_for_gold_award` decimal(10,4) DEFAULT NULL,
  `maximum_gold_awards` int(11) NOT NULL DEFAULT '0',
  `total_contestants_to_advance_to_next_level` int(11) NOT NULL DEFAULT '0',
  `available_contest_time` int(11) NOT NULL DEFAULT '45',
  PRIMARY KEY (`id`),
  UNIQUE KEY `competition_id_competition_category_id` (`competition_id`,`competition_category_id`),
  KEY `competition_id` (`competition_id`),
  KEY `competition_category_id` (`competition_category_id`),
  CONSTRAINT `competition_category_active_ibfk_1` FOREIGN KEY (`competition_id`) REFERENCES `competition` (`id`) ON DELETE CASCADE ON UPDATE NO ACTION,
  CONSTRAINT `competition_category_active_ibfk_2` FOREIGN KEY (`competition_category_id`) REFERENCES `competition_category` (`id`) ON DELETE CASCADE ON UPDATE NO ACTION
) DEFAULT CHARSET=utf8;
/*!40101 SET character_set_client = @saved_cs_client */;

--
-- Dumping data for table `competition_category_active`
--

LOCK TABLES `competition_category_active` WRITE;
/*!40000 ALTER TABLE `competition_category_active` DISABLE KEYS */;
/*!40000 ALTER TABLE `competition_category_active` ENABLE KEYS */;
UNLOCK TABLES;

--
-- Table structure for table `competition_category_school`
--

DROP TABLE IF EXISTS `competition_category_school`;
/*!40101 SET @saved_cs_client     = @@character_set_client */;
/*!40101 SET character_set_client = utf8 */;
CREATE TABLE `competition_category_school` (
  `id` int(11) NOT NULL AUTO_INCREMENT,
  `competition_id` int(11) NOT NULL,
  `competition_category_id` int(11) NOT NULL,
  `school_id` int(11) NOT NULL,
  PRIMARY KEY (`id`),
  UNIQUE KEY `competition_id_2` (`competition_id`,`competition_category_id`,`school_id`),
  KEY `competition_id` (`competition_id`),
  KEY `competition_category_id` (`competition_category_id`),
  KEY `school_id` (`school_id`),
  CONSTRAINT `competition_category_school_ibfk_1` FOREIGN KEY (`competition_id`) REFERENCES `competition` (`id`) ON DELETE CASCADE ON UPDATE NO ACTION,
  CONSTRAINT `competition_category_school_ibfk_2` FOREIGN KEY (`competition_category_id`) REFERENCES `competition_category` (`id`) ON DELETE CASCADE ON UPDATE NO ACTION,
  CONSTRAINT `competition_category_school_ibfk_3` FOREIGN KEY (`school_id`) REFERENCES `school` (`id`) ON DELETE CASCADE ON UPDATE NO ACTION
) AUTO_INCREMENT=1659 DEFAULT CHARSET=utf8;
/*!40101 SET character_set_client = @saved_cs_client */;

--
-- Dumping data for table `competition_category_school`
--

LOCK TABLES `competition_category_school` WRITE;
/*!40000 ALTER TABLE `competition_category_school` DISABLE KEYS */;
INSERT INTO `competition_category_school` VALUES (1658,5,10,1058);
/*!40000 ALTER TABLE `competition_category_school` ENABLE KEYS */;
UNLOCK TABLES;

--
-- Table structure for table `competition_category_school_mentor`
--

DROP TABLE IF EXISTS `competition_category_school_mentor`;
/*!40101 SET @saved_cs_client     = @@character_set_client */;
/*!40101 SET character_set_client = utf8 */;
CREATE TABLE `competition_category_school_mentor` (
  `id` int(11) NOT NULL AUTO_INCREMENT,
  `competition_category_school_id` int(11) NOT NULL,
  `user_id` int(11) NOT NULL,
  `access_code` varchar(20) DEFAULT NULL,
  `disqualified` tinyint(1) NOT NULL DEFAULT '0',
  `disqualified_by` int(11) DEFAULT NULL,
  `disqualified_reason` text,
  PRIMARY KEY (`id`),
  UNIQUE KEY `competition_category_school_id_2` (`competition_category_school_id`,`user_id`),
  UNIQUE KEY `access_code` (`access_code`),
  KEY `competition_category_school_id` (`competition_category_school_id`),
  KEY `user_id` (`user_id`),
  KEY `disqualified_by` (`disqualified_by`),
  CONSTRAINT `competition_category_school_mentor_ibfk_1` FOREIGN KEY (`disqualified_by`) REFERENCES `users` (`id`) ON DELETE SET NULL ON UPDATE NO ACTION,
  CONSTRAINT `competition_category_school_mentor_ibfk_3` FOREIGN KEY (`user_id`) REFERENCES `users` (`id`) ON DELETE CASCADE ON UPDATE NO ACTION,
  CONSTRAINT `competition_category_school_mentor_ibfk_4` FOREIGN KEY (`competition_category_school_id`) REFERENCES `competition_category_school` (`id`) ON DELETE CASCADE ON UPDATE NO ACTION
) AUTO_INCREMENT=552 DEFAULT CHARSET=utf8;
/*!40101 SET character_set_client = @saved_cs_client */;

--
-- Dumping data for table `competition_category_school_mentor`
--

LOCK TABLES `competition_category_school_mentor` WRITE;
/*!40000 ALTER TABLE `competition_category_school_mentor` DISABLE KEYS */;
INSERT INTO `competition_category_school_mentor` VALUES (550,1658,2,'gV9mW3qy4G',0,NULL,'');
/*!40000 ALTER TABLE `competition_category_school_mentor` ENABLE KEYS */;
UNLOCK TABLES;

--
-- Table structure for table `competition_category_translation`
--

DROP TABLE IF EXISTS `competition_category_translation`;
/*!40101 SET @saved_cs_client     = @@character_set_client */;
/*!40101 SET character_set_client = utf8 */;
CREATE TABLE `competition_category_translation` (
  `id` int(11) NOT NULL AUTO_INCREMENT,
  `competition_category_id` int(11) NOT NULL,
  `language_id` int(11) NOT NULL,
  `name` varchar(255) NOT NULL,
  PRIMARY KEY (`id`),
  UNIQUE KEY `competition_category_id_language_id` (`competition_category_id`,`language_id`),
  KEY `competition_category_id` (`competition_category_id`),
  KEY `language_id` (`language_id`),
  CONSTRAINT `competition_category_translation_ibfk_1` FOREIGN KEY (`competition_category_id`) REFERENCES `competition_category` (`id`) ON DELETE CASCADE ON UPDATE NO ACTION,
  CONSTRAINT `competition_category_translation_ibfk_2` FOREIGN KEY (`language_id`) REFERENCES `language` (`id`) ON DELETE CASCADE ON UPDATE NO ACTION
) DEFAULT CHARSET=utf8;
/*!40101 SET character_set_client = @saved_cs_client */;

--
-- Dumping data for table `competition_category_translation`
--

LOCK TABLES `competition_category_translation` WRITE;
/*!40000 ALTER TABLE `competition_category_translation` DISABLE KEYS */;
/*!40000 ALTER TABLE `competition_category_translation` ENABLE KEYS */;
UNLOCK TABLES;

--
-- Table structure for table `competition_committee`
--

DROP TABLE IF EXISTS `competition_committee`;
/*!40101 SET @saved_cs_client     = @@character_set_client */;
/*!40101 SET character_set_client = utf8 */;
CREATE TABLE `competition_committee` (
  `id` int(11) NOT NULL AUTO_INCREMENT,
  `competition_id` int(11) NOT NULL,
  `user_id` int(11) NOT NULL,
  `president` tinyint(1) NOT NULL DEFAULT '0',
  PRIMARY KEY (`id`),
  UNIQUE KEY `competition_id_2` (`competition_id`,`user_id`),
  KEY `competition_id` (`competition_id`),
  KEY `user_id` (`user_id`),
  CONSTRAINT `competition_committee_ibfk_1` FOREIGN KEY (`competition_id`) REFERENCES `competition` (`id`) ON DELETE CASCADE ON UPDATE NO ACTION,
  CONSTRAINT `competition_committee_ibfk_2` FOREIGN KEY (`user_id`) REFERENCES `users` (`id`) ON DELETE CASCADE ON UPDATE NO ACTION
) DEFAULT CHARSET=utf8;
/*!40101 SET character_set_client = @saved_cs_client */;

--
-- Dumping data for table `competition_committee`
--

LOCK TABLES `competition_committee` WRITE;
/*!40000 ALTER TABLE `competition_committee` DISABLE KEYS */;
/*!40000 ALTER TABLE `competition_committee` ENABLE KEYS */;
UNLOCK TABLES;

--
-- Table structure for table `competition_country`
--

DROP TABLE IF EXISTS `competition_country`;
/*!40101 SET @saved_cs_client     = @@character_set_client */;
/*!40101 SET character_set_client = utf8 */;
CREATE TABLE `competition_country` (
  `id` int(11) NOT NULL AUTO_INCREMENT,
  `competition_id` int(11) NOT NULL,
  `country_id` int(11) NOT NULL,
  PRIMARY KEY (`id`),
  UNIQUE KEY `competition_id_2` (`competition_id`,`country_id`),
  KEY `competition_id` (`competition_id`),
  KEY `country_id` (`country_id`),
  CONSTRAINT `competition_country_ibfk_1` FOREIGN KEY (`competition_id`) REFERENCES `competition` (`id`) ON DELETE CASCADE ON UPDATE NO ACTION,
  CONSTRAINT `competition_country_ibfk_2` FOREIGN KEY (`country_id`) REFERENCES `country` (`id`) ON DELETE CASCADE ON UPDATE NO ACTION
) AUTO_INCREMENT=2 DEFAULT CHARSET=utf8;
/*!40101 SET character_set_client = @saved_cs_client */;

--
-- Dumping data for table `competition_country`
--

LOCK TABLES `competition_country` WRITE;
/*!40000 ALTER TABLE `competition_country` DISABLE KEYS */;
/*!40000 ALTER TABLE `competition_country` ENABLE KEYS */;
UNLOCK TABLES;

--
-- Table structure for table `competition_question`
--

DROP TABLE IF EXISTS `competition_question`;
/*!40101 SET @saved_cs_client     = @@character_set_client */;
/*!40101 SET character_set_client = utf8 */;
CREATE TABLE `competition_question` (
  `id` int(11) NOT NULL AUTO_INCREMENT,
  `competition_id` int(11) NOT NULL,
  `question_id` int(11) NOT NULL,
  PRIMARY KEY (`id`),
  KEY `competition_id` (`competition_id`),
  KEY `question_id` (`question_id`),
  CONSTRAINT `competition_question_ibfk_2` FOREIGN KEY (`competition_id`) REFERENCES `competition` (`id`) ON DELETE CASCADE ON UPDATE NO ACTION,
  CONSTRAINT `competition_question_ibfk_3` FOREIGN KEY (`question_id`) REFERENCES `question` (`id`) ON DELETE CASCADE ON UPDATE NO ACTION
) AUTO_INCREMENT=434 DEFAULT CHARSET=utf8;
/*!40101 SET character_set_client = @saved_cs_client */;

--
-- Dumping data for table `competition_question`
--

LOCK TABLES `competition_question` WRITE;
/*!40000 ALTER TABLE `competition_question` DISABLE KEYS */;
INSERT INTO `competition_question` VALUES (431,5,94),(433,5,260);
/*!40000 ALTER TABLE `competition_question` ENABLE KEYS */;
UNLOCK TABLES;

--
-- Table structure for table `competition_question_category`
--

DROP TABLE IF EXISTS `competition_question_category`;
/*!40101 SET @saved_cs_client     = @@character_set_client */;
/*!40101 SET character_set_client = utf8 */;
CREATE TABLE `competition_question_category` (
  `id` int(11) NOT NULL AUTO_INCREMENT,
  `competition_question_id` int(11) NOT NULL,
  `competition_category_id` int(11) NOT NULL,
  `competiton_question_difficulty_id` int(11) NOT NULL,
  PRIMARY KEY (`id`),
  UNIQUE KEY `competition_question_id_2` (`competition_question_id`,`competition_category_id`),
  KEY `competition_question_id` (`competition_question_id`),
  KEY `competition_category_id` (`competition_category_id`),
  KEY `competiton_question_difficulty` (`competiton_question_difficulty_id`),
  CONSTRAINT `competition_question_category_ibfk_1` FOREIGN KEY (`competition_question_id`) REFERENCES `competition_question` (`id`) ON DELETE CASCADE ON UPDATE NO ACTION,
  CONSTRAINT `competition_question_category_ibfk_2` FOREIGN KEY (`competition_category_id`) REFERENCES `competition_category` (`id`) ON DELETE CASCADE ON UPDATE NO ACTION,
  CONSTRAINT `competition_question_category_ibfk_3` FOREIGN KEY (`competiton_question_difficulty_id`) REFERENCES `competition_question_difficulty` (`id`) ON DELETE CASCADE ON UPDATE NO ACTION
) AUTO_INCREMENT=624 DEFAULT CHARSET=utf8;
/*!40101 SET character_set_client = @saved_cs_client */;

--
-- Dumping data for table `competition_question_category`
--

LOCK TABLES `competition_question_category` WRITE;
/*!40000 ALTER TABLE `competition_question_category` DISABLE KEYS */;
INSERT INTO `competition_question_category` VALUES (620,431,11,4),(621,433,12,5),(622,431,10,3),(623,433,10,4);
/*!40000 ALTER TABLE `competition_question_category` ENABLE KEYS */;
UNLOCK TABLES;

--
-- Table structure for table `competition_question_difficulty`
--

DROP TABLE IF EXISTS `competition_question_difficulty`;
/*!40101 SET @saved_cs_client     = @@character_set_client */;
/*!40101 SET character_set_client = utf8 */;
CREATE TABLE `competition_question_difficulty` (
  `id` int(11) NOT NULL AUTO_INCREMENT,
  `country_id` int(11) NOT NULL DEFAULT '1',
  `active` tinyint(1) NOT NULL DEFAULT '1',
  `name` varchar(255) NOT NULL,
  `correct_answer_points` decimal(10,4) NOT NULL DEFAULT '0.0000',
  `wrong_answer_points` decimal(10,4) NOT NULL DEFAULT '0.0000',
  PRIMARY KEY (`id`),
  KEY `country_id` (`country_id`),
  CONSTRAINT `competition_question_difficulty_ibfk_1` FOREIGN KEY (`country_id`) REFERENCES `country` (`id`) ON DELETE CASCADE ON UPDATE NO ACTION
) AUTO_INCREMENT=6 DEFAULT CHARSET=utf8;
/*!40101 SET character_set_client = @saved_cs_client */;

--
-- Dumping data for table `competition_question_difficulty`
--

LOCK TABLES `competition_question_difficulty` WRITE;
/*!40000 ALTER TABLE `competition_question_difficulty` DISABLE KEYS */;
INSERT INTO `competition_question_difficulty` VALUES (3,1,1,'Lahka',6.0000,-2.0000),(4,1,1,'Srednja',9.0000,-3.0000),(5,1,1,'Težka',12.0000,-4.0000);
/*!40000 ALTER TABLE `competition_question_difficulty` ENABLE KEYS */;
UNLOCK TABLES;

--
-- Table structure for table `competition_question_difficulty_translation`
--

DROP TABLE IF EXISTS `competition_question_difficulty_translation`;
/*!40101 SET @saved_cs_client     = @@character_set_client */;
/*!40101 SET character_set_client = utf8 */;
CREATE TABLE `competition_question_difficulty_translation` (
  `id` int(11) NOT NULL AUTO_INCREMENT,
  `competition_question_difficulty_id` int(11) NOT NULL,
  `language_id` int(11) NOT NULL,
  `name` varchar(255) NOT NULL,
  PRIMARY KEY (`id`),
  UNIQUE KEY `competition_question_difficult_2` (`competition_question_difficulty_id`,`language_id`),
  KEY `competition_question_difficulty_id` (`competition_question_difficulty_id`),
  KEY `language_id` (`language_id`),
  CONSTRAINT `competition_question_difficulty_translation_ibfk_1` FOREIGN KEY (`competition_question_difficulty_id`) REFERENCES `competition_question_difficulty` (`id`) ON DELETE CASCADE ON UPDATE NO ACTION,
  CONSTRAINT `competition_question_difficulty_translation_ibfk_2` FOREIGN KEY (`language_id`) REFERENCES `language` (`id`) ON DELETE CASCADE ON UPDATE NO ACTION
) DEFAULT CHARSET=utf8;
/*!40101 SET character_set_client = @saved_cs_client */;

--
-- Dumping data for table `competition_question_difficulty_translation`
--

LOCK TABLES `competition_question_difficulty_translation` WRITE;
/*!40000 ALTER TABLE `competition_question_difficulty_translation` DISABLE KEYS */;
/*!40000 ALTER TABLE `competition_question_difficulty_translation` ENABLE KEYS */;
UNLOCK TABLES;

--
-- Table structure for table `competition_translation`
--

DROP TABLE IF EXISTS `competition_translation`;
/*!40101 SET @saved_cs_client     = @@character_set_client */;
/*!40101 SET character_set_client = utf8 */;
CREATE TABLE `competition_translation` (
  `id` int(11) NOT NULL AUTO_INCREMENT,
  `competition_id` int(11) NOT NULL,
  `language_id` int(11) NOT NULL,
  `name` varchar(255) NOT NULL,
  PRIMARY KEY (`id`),
  UNIQUE KEY `competition_id_2` (`competition_id`,`language_id`),
  KEY `competition_id` (`competition_id`),
  KEY `language_id` (`language_id`),
  CONSTRAINT `competition_translation_ibfk_1` FOREIGN KEY (`competition_id`) REFERENCES `competition` (`id`) ON DELETE CASCADE ON UPDATE NO ACTION,
  CONSTRAINT `competition_translation_ibfk_2` FOREIGN KEY (`language_id`) REFERENCES `language` (`id`) ON DELETE CASCADE ON UPDATE NO ACTION
) DEFAULT CHARSET=utf8;
/*!40101 SET character_set_client = @saved_cs_client */;

--
-- Dumping data for table `competition_translation`
--

LOCK TABLES `competition_translation` WRITE;
/*!40000 ALTER TABLE `competition_translation` DISABLE KEYS */;
/*!40000 ALTER TABLE `competition_translation` ENABLE KEYS */;
UNLOCK TABLES;

--
-- Table structure for table `competition_user`
--

DROP TABLE IF EXISTS `competition_user`;
/*!40101 SET @saved_cs_client     = @@character_set_client */;
/*!40101 SET character_set_client = utf8 */;
CREATE TABLE `competition_user` (
  `id` int(11) NOT NULL AUTO_INCREMENT,
  `competition_id` int(11) NOT NULL,
  `competition_category_id` int(11) NOT NULL,
  `user_id` int(11) DEFAULT NULL,
  `competition_category_school_mentor_id` int(11) DEFAULT NULL,
  `last_name` varchar(255) DEFAULT NULL,
  `first_name` varchar(255) DEFAULT NULL,
  `gender` tinyint(1) NOT NULL DEFAULT '0',
  `class` varchar(20) DEFAULT NULL,
  `school_id` int(11) NOT NULL,
  `disqualified_request` tinyint(1) NOT NULL DEFAULT '0',
  `disqualified_request_by` int(11) DEFAULT NULL,
  `disqualified` tinyint(1) NOT NULL DEFAULT '0',
  `disqualified_by` int(11) DEFAULT NULL,
  `disqualified_reason` text,
  `advancing_to_next_level` tinyint(1) NOT NULL DEFAULT '0',
  `award` int(2) DEFAULT NULL COMMENT '1 == Priznanje za udeležbo, 5 == Bronasto, 10 == Srebrno, 15 == Zlato',
  `start_time` datetime DEFAULT NULL,
  `finish_time` datetime DEFAULT NULL,
  `finished` tinyint(1) NOT NULL DEFAULT '0',
  `total_points_via_answers` decimal(10,4) NOT NULL DEFAULT '0.0000',
  `total_points_via_time` decimal(10,4) NOT NULL DEFAULT '0.0000',
  `total_points_manual` decimal(10,4) NOT NULL DEFAULT '0.0000',
  `total_points` decimal(10,4) NOT NULL DEFAULT '0.0000',
  `ip_start` varchar(15) DEFAULT NULL,
  `ip_stop` varchar(15) DEFAULT NULL,
  PRIMARY KEY (`id`),
  UNIQUE KEY `competition_id_2` (`competition_id`,`competition_category_id`,`user_id`,`competition_category_school_mentor_id`,`last_name`,`first_name`,`class`,`school_id`),
  KEY `user_id` (`user_id`),
  KEY `competition_id` (`competition_id`),
  KEY `competition_category_id` (`competition_category_id`),
  KEY `competition_category_school_mentor_id` (`competition_category_school_mentor_id`),
  KEY `school_id` (`school_id`),
  KEY `disqualified_request_by` (`disqualified_request_by`),
  KEY `disqualified_by` (`disqualified_by`),
  CONSTRAINT `competition_user_ibfk_1` FOREIGN KEY (`competition_id`) REFERENCES `competition` (`id`) ON DELETE CASCADE ON UPDATE NO ACTION,
  CONSTRAINT `competition_user_ibfk_2` FOREIGN KEY (`competition_category_id`) REFERENCES `competition_category` (`id`) ON DELETE CASCADE ON UPDATE NO ACTION,
  CONSTRAINT `competition_user_ibfk_3` FOREIGN KEY (`user_id`) REFERENCES `users` (`id`) ON DELETE SET NULL ON UPDATE NO ACTION,
  CONSTRAINT `competition_user_ibfk_4` FOREIGN KEY (`competition_category_school_mentor_id`) REFERENCES `competition_category_school_mentor` (`id`) ON DELETE CASCADE ON UPDATE NO ACTION,
  CONSTRAINT `competition_user_ibfk_5` FOREIGN KEY (`school_id`) REFERENCES `school` (`id`) ON DELETE CASCADE ON UPDATE NO ACTION,
  CONSTRAINT `competition_user_ibfk_6` FOREIGN KEY (`disqualified_request_by`) REFERENCES `users` (`id`) ON DELETE SET NULL ON UPDATE NO ACTION,
  CONSTRAINT `competition_user_ibfk_7` FOREIGN KEY (`disqualified_by`) REFERENCES `users` (`id`) ON DELETE SET NULL ON UPDATE NO ACTION
) AUTO_INCREMENT=853 DEFAULT CHARSET=utf8;
/*!40101 SET character_set_client = @saved_cs_client */;

--
-- Dumping data for table `competition_user`
--

LOCK TABLES `competition_user` WRITE;
/*!40000 ALTER TABLE `competition_user` DISABLE KEYS */;
/*!40000 ALTER TABLE `competition_user` ENABLE KEYS */;
UNLOCK TABLES;

--
-- Table structure for table `competition_user_question`
--

DROP TABLE IF EXISTS `competition_user_question`;
/*!40101 SET @saved_cs_client     = @@character_set_client */;
/*!40101 SET character_set_client = utf8 */;
CREATE TABLE `competition_user_question` (
  `id` int(11) NOT NULL AUTO_INCREMENT,
  `competition_user_id` int(11) NOT NULL,
  `competition_question_id` int(11) NOT NULL,
  `ordering` int(11) NOT NULL,
  `question_answer_id` int(11) DEFAULT NULL,
  `last_change` datetime DEFAULT NULL,
  `random_seed` decimal(11,10) NOT NULL DEFAULT '0.0000000000',
  `custom_answer` text COMMENT 'For future usage',
  PRIMARY KEY (`id`),
  KEY `competition_user_id` (`competition_user_id`),
  KEY `competition_question_id` (`competition_question_id`),
  KEY `question_answer_id` (`question_answer_id`),
  CONSTRAINT `competition_user_question_ibfk_1` FOREIGN KEY (`competition_user_id`) REFERENCES `competition_user` (`id`) ON DELETE CASCADE ON UPDATE NO ACTION,
  CONSTRAINT `competition_user_question_ibfk_2` FOREIGN KEY (`competition_question_id`) REFERENCES `competition_question` (`id`) ON DELETE CASCADE ON UPDATE NO ACTION,
  CONSTRAINT `competition_user_question_ibfk_3` FOREIGN KEY (`question_answer_id`) REFERENCES `question_answer` (`id`) ON DELETE SET NULL ON UPDATE NO ACTION
) AUTO_INCREMENT=262 DEFAULT CHARSET=utf8;
/*!40101 SET character_set_client = @saved_cs_client */;

--
-- Dumping data for table `competition_user_question`
--

LOCK TABLES `competition_user_question` WRITE;
/*!40000 ALTER TABLE `competition_user_question` DISABLE KEYS */;
/*!40000 ALTER TABLE `competition_user_question` ENABLE KEYS */;
UNLOCK TABLES;

--
-- Table structure for table `competition_user_question_answer`
--

DROP TABLE IF EXISTS `competition_user_question_answer`;
/*!40101 SET @saved_cs_client     = @@character_set_client */;
/*!40101 SET character_set_client = utf8 */;
CREATE TABLE `competition_user_question_answer` (
  `id` int(11) NOT NULL AUTO_INCREMENT,
  `competition_user_question_id` int(11) NOT NULL,
  `question_answer_id` int(11) NOT NULL,
  `ordering` int(11) NOT NULL,
  PRIMARY KEY (`id`),
  UNIQUE KEY `competition_user_question_id_2` (`competition_user_question_id`,`question_answer_id`),
  KEY `competition_user_question_id` (`competition_user_question_id`),
  KEY `question_answer_id` (`question_answer_id`),
  CONSTRAINT `competition_user_question_answer_ibfk_1` FOREIGN KEY (`competition_user_question_id`) REFERENCES `competition_user_question` (`id`) ON DELETE CASCADE ON UPDATE NO ACTION,
  CONSTRAINT `competition_user_question_answer_ibfk_2` FOREIGN KEY (`question_answer_id`) REFERENCES `question_answer` (`id`) ON DELETE CASCADE ON UPDATE NO ACTION
) DEFAULT CHARSET=utf8;
/*!40101 SET character_set_client = @saved_cs_client */;

--
-- Dumping data for table `competition_user_question_answer`
--

LOCK TABLES `competition_user_question_answer` WRITE;
/*!40000 ALTER TABLE `competition_user_question_answer` DISABLE KEYS */;
/*!40000 ALTER TABLE `competition_user_question_answer` ENABLE KEYS */;
UNLOCK TABLES;

--
-- Table structure for table `country`
--

DROP TABLE IF EXISTS `country`;
/*!40101 SET @saved_cs_client     = @@character_set_client */;
/*!40101 SET character_set_client = utf8 */;
CREATE TABLE `country` (
  `id` int(11) NOT NULL AUTO_INCREMENT,
  `country` varchar(255) NOT NULL,
  PRIMARY KEY (`id`),
  UNIQUE KEY `country` (`country`)
) AUTO_INCREMENT=5 DEFAULT CHARSET=utf8;
/*!40101 SET character_set_client = @saved_cs_client */;

--
-- Dumping data for table `country`
--

LOCK TABLES `country` WRITE;
/*!40000 ALTER TABLE `country` DISABLE KEYS */;
INSERT INTO `country` VALUES (4,'Butalia'),(2,'Cambodia'),(1,'Slovenija'),(3,'Srbija');
/*!40000 ALTER TABLE `country` ENABLE KEYS */;
UNLOCK TABLES;

--
-- Table structure for table `country_administrator`
--

DROP TABLE IF EXISTS `country_administrator`;
/*!40101 SET @saved_cs_client     = @@character_set_client */;
/*!40101 SET character_set_client = utf8 */;
CREATE TABLE `country_administrator` (
  `id` int(11) NOT NULL AUTO_INCREMENT,
  `country_id` int(11) NOT NULL,
  `user_id` int(11) NOT NULL,
  PRIMARY KEY (`id`),
  UNIQUE KEY `country_id_2` (`country_id`,`user_id`),
  KEY `country_id` (`country_id`),
  KEY `user_id` (`user_id`),
  CONSTRAINT `country_administrator_ibfk_1` FOREIGN KEY (`country_id`) REFERENCES `country` (`id`) ON DELETE CASCADE ON UPDATE NO ACTION,
  CONSTRAINT `country_administrator_ibfk_2` FOREIGN KEY (`user_id`) REFERENCES `users` (`id`) ON DELETE CASCADE ON UPDATE NO ACTION
) AUTO_INCREMENT=4 DEFAULT CHARSET=utf8;
/*!40101 SET character_set_client = @saved_cs_client */;

--
-- Dumping data for table `country_administrator`
--

LOCK TABLES `country_administrator` WRITE;
/*!40000 ALTER TABLE `country_administrator` DISABLE KEYS */;
INSERT INTO `country_administrator` VALUES (1,1,1),(2,3,1),(3,4,1);
/*!40000 ALTER TABLE `country_administrator` ENABLE KEYS */;
UNLOCK TABLES;

--
-- Table structure for table `country_language`
--

DROP TABLE IF EXISTS `country_language`;
/*!40101 SET @saved_cs_client     = @@character_set_client */;
/*!40101 SET character_set_client = utf8 */;
CREATE TABLE `country_language` (
  `id` int(11) NOT NULL AUTO_INCREMENT,
  `country_id` int(11) NOT NULL,
  `language_id` int(11) NOT NULL,
  PRIMARY KEY (`id`),
  UNIQUE KEY `country_id_2` (`country_id`,`language_id`),
  KEY `country_id` (`country_id`),
  KEY `language_id` (`language_id`),
  CONSTRAINT `country_language_ibfk_1` FOREIGN KEY (`country_id`) REFERENCES `country` (`id`) ON DELETE CASCADE ON UPDATE NO ACTION,
  CONSTRAINT `country_language_ibfk_2` FOREIGN KEY (`language_id`) REFERENCES `language` (`id`) ON DELETE CASCADE ON UPDATE NO ACTION
) DEFAULT CHARSET=utf8;
/*!40101 SET character_set_client = @saved_cs_client */;

--
-- Dumping data for table `country_language`
--

LOCK TABLES `country_language` WRITE;
/*!40000 ALTER TABLE `country_language` DISABLE KEYS */;
/*!40000 ALTER TABLE `country_language` ENABLE KEYS */;
UNLOCK TABLES;

--
-- Table structure for table `language`
--

DROP TABLE IF EXISTS `language`;
/*!40101 SET @saved_cs_client     = @@character_set_client */;
/*!40101 SET character_set_client = utf8 */;
CREATE TABLE `language` (
  `id` int(11) NOT NULL AUTO_INCREMENT,
  `name` varchar(255) NOT NULL,
  `short` varchar(5) NOT NULL,
  PRIMARY KEY (`id`),
  UNIQUE KEY `name` (`name`,`short`)
) AUTO_INCREMENT=4 DEFAULT CHARSET=utf8;
/*!40101 SET character_set_client = @saved_cs_client */;

--
-- Dumping data for table `language`
--

LOCK TABLES `language` WRITE;
/*!40000 ALTER TABLE `language` DISABLE KEYS */;
INSERT INTO `language` VALUES (2,'English','en'),(1,'Slovenščina','sl'),(3,'Srpski','sr');
/*!40000 ALTER TABLE `language` ENABLE KEYS */;
UNLOCK TABLES;

--
-- Table structure for table `municipality`
--

DROP TABLE IF EXISTS `municipality`;
/*!40101 SET @saved_cs_client     = @@character_set_client */;
/*!40101 SET character_set_client = utf8 */;
CREATE TABLE `municipality` (
  `id` int(11) NOT NULL AUTO_INCREMENT,
  `name` varchar(255) NOT NULL,
  `country_id` int(11) NOT NULL,
  PRIMARY KEY (`id`),
  UNIQUE KEY `name` (`name`,`country_id`),
  KEY `country_id` (`country_id`),
  CONSTRAINT `municipality_ibfk_1` FOREIGN KEY (`country_id`) REFERENCES `country` (`id`) ON DELETE CASCADE ON UPDATE NO ACTION
) AUTO_INCREMENT=262 DEFAULT CHARSET=utf8;
/*!40101 SET character_set_client = @saved_cs_client */;

--
-- Dumping data for table `municipality`
--

LOCK TABLES `municipality` WRITE;
/*!40000 ALTER TABLE `municipality` DISABLE KEYS */;
INSERT INTO `municipality` VALUES (261,'Butale',4);
/*!40000 ALTER TABLE `municipality` ENABLE KEYS */;
UNLOCK TABLES;

--
-- Table structure for table `profiles`
--

DROP TABLE IF EXISTS `profiles`;
/*!40101 SET @saved_cs_client     = @@character_set_client */;
/*!40101 SET character_set_client = utf8 */;
CREATE TABLE `profiles` (
  `user_id` int(11) NOT NULL AUTO_INCREMENT,
  `first_name` varchar(255) DEFAULT NULL,
  `last_name` varchar(255) DEFAULT NULL,
  `country_id` int(10) DEFAULT '1',
  `language_id` int(11) DEFAULT '1',
  `user_role` int(1) NOT NULL DEFAULT '1',
  `timezone` varchar(255) DEFAULT NULL,
  `phone_number` varchar(255) NOT NULL DEFAULT '',
  PRIMARY KEY (`user_id`),
  KEY `country_id` (`country_id`),
  KEY `language_id` (`language_id`),
  KEY `first_name` (`first_name`,`last_name`),
  CONSTRAINT `profiles_ibfk_2` FOREIGN KEY (`user_id`) REFERENCES `users` (`id`) ON DELETE CASCADE ON UPDATE NO ACTION,
  CONSTRAINT `profiles_ibfk_3` FOREIGN KEY (`country_id`) REFERENCES `country` (`id`) ON DELETE SET NULL ON UPDATE NO ACTION,
  CONSTRAINT `profiles_ibfk_4` FOREIGN KEY (`language_id`) REFERENCES `language` (`id`) ON DELETE SET NULL ON UPDATE NO ACTION
) AUTO_INCREMENT=3 DEFAULT CHARSET=utf8;
/*!40101 SET character_set_client = @saved_cs_client */;

--
-- Dumping data for table `profiles`
--

LOCK TABLES `profiles` WRITE;
/*!40000 ALTER TABLE `profiles` DISABLE KEYS */;
INSERT INTO `profiles` VALUES (1,'Admin','admin',2,3,15,'',''),(2,'Kozmijan','Buta',4,1,5,'','');
/*!40000 ALTER TABLE `profiles` ENABLE KEYS */;
UNLOCK TABLES;

--
-- Table structure for table `profiles_fields`
--

DROP TABLE IF EXISTS `profiles_fields`;
/*!40101 SET @saved_cs_client     = @@character_set_client */;
/*!40101 SET character_set_client = utf8 */;
CREATE TABLE `profiles_fields` (
  `id` int(11) NOT NULL AUTO_INCREMENT,
  `varname` varchar(50) NOT NULL DEFAULT '',
  `title` varchar(255) NOT NULL DEFAULT '',
  `field_type` varchar(50) NOT NULL DEFAULT '',
  `field_size` int(3) NOT NULL DEFAULT '0',
  `field_size_min` int(3) NOT NULL DEFAULT '0',
  `required` int(1) NOT NULL DEFAULT '0',
  `match` varchar(255) NOT NULL DEFAULT '',
  `range` varchar(255) NOT NULL DEFAULT '',
  `error_message` varchar(255) NOT NULL DEFAULT '',
  `other_validator` text,
  `default` varchar(255) NOT NULL DEFAULT '',
  `widget` varchar(255) NOT NULL DEFAULT '',
  `widgetparams` text,
  `position` int(3) NOT NULL DEFAULT '0',
  `visible` int(1) NOT NULL DEFAULT '0',
  PRIMARY KEY (`id`)
) AUTO_INCREMENT=8 DEFAULT CHARSET=utf8;
/*!40101 SET character_set_client = @saved_cs_client */;

--
-- Dumping data for table `profiles_fields`
--

LOCK TABLES `profiles_fields` WRITE;
/*!40000 ALTER TABLE `profiles_fields` DISABLE KEYS */;
INSERT INTO `profiles_fields` VALUES (1,'first_name','First Name','VARCHAR',255,3,2,'','','Incorrect First Name (length between 3 and 50 characters).','','','','',1,3),(2,'last_name','Last Name','VARCHAR',255,3,2,'','','Incorrect Last Name (length between 3 and 50 characters).','','','','',2,3),(3,'country_id','Country','INTEGER',10,0,1,'','','Choose country','','1','UWrelBelongsTo','{\"modelName\":\"Country\",\"optionName\":\"country\",\"emptyField\":\"---\",\"relationName\":\"country\"}',0,3),(4,'user_role','User Role','INTEGER',1,1,3,'','1==Contestant;5==Teacher;10==Country Administrator;15==System Administrator','Invalid user role.','','1','','',0,1),(5,'language_id','Language','INTEGER',10,0,1,'','','Choose language','','1','UWrelBelongsTo','{\"modelName\":\"Language\",\"optionName\":\"name\",\"emptyField\":\"---\",\"relationName\":\"language\"}',0,3),(6,'timezone','Timezone','VARCHAR',255,0,0,'','','','','','','',0,3),(7,'phone_number','Phone number','VARCHAR',255,0,0,'','','Wrong phone number','','','','',0,3);
/*!40000 ALTER TABLE `profiles_fields` ENABLE KEYS */;
UNLOCK TABLES;

--
-- Table structure for table `question`
--

DROP TABLE IF EXISTS `question`;
/*!40101 SET @saved_cs_client     = @@character_set_client */;
/*!40101 SET character_set_client = utf8 */;
CREATE TABLE `question` (
  `id` int(11) NOT NULL AUTO_INCREMENT,
  `country_id` int(11) NOT NULL,
  `identifier` varchar(255) NOT NULL,
  `type` int(1) NOT NULL DEFAULT '1' COMMENT '1==Normalna naloga v našem sistemu,2==Interaktivna naloga',
  `title` varchar(255) NOT NULL,
  `text` text,
  `data` text,
  `version` varchar(255) DEFAULT NULL,
  `verification_function_type` int(1) DEFAULT '0' COMMENT '0=Internal,1==JavaScript',
  `verification_function` text,
  `last_change_date` timestamp NULL DEFAULT CURRENT_TIMESTAMP ON UPDATE CURRENT_TIMESTAMP,
  `authors` text,
  `css` text,
  PRIMARY KEY (`id`),
  UNIQUE KEY `country_id_2` (`country_id`,`identifier`),
  KEY `country_id` (`country_id`),
  CONSTRAINT `question_ibfk_1` FOREIGN KEY (`country_id`) REFERENCES `country` (`id`) ON DELETE CASCADE ON UPDATE NO ACTION
) AUTO_INCREMENT=272 DEFAULT CHARSET=utf8;
/*!40101 SET character_set_client = @saved_cs_client */;

--
-- Dumping data for table `question`
--

LOCK TABLES `question` WRITE;
/*!40000 ALTER TABLE `question` DISABLE KEYS */;
INSERT INTO `question` VALUES (94,4,'50',2,'Črviva vrtavka','',' ie 6 windows ','4',1,'a:1:{i:0;s:3:\"638\";}','2014-08-11 11:38:59','Milutin Spasic','@import url(https://fonts.googleapis.com/css?family=Lato);\r\n\r\nbody {\r\n    font-size: 15px;\r\n    line-height: 21px;\r\n    font-family: Lato, Helvetica;\r\n}'),(260,4,'1316',2,'Popravljanje jeza','',' ie 6 windows ','8',1,'a:1:{i:0;s:5:\"13162\";}','2014-08-11 11:38:38','Cerar, Demsar','@import url(https://fonts.googleapis.com/css?family=Lato);\r\n\r\nbody {\r\n    font-size: 15px;\r\n    line-height: 21px;\r\n    font-family: Lato, Helvetica;\r\n}');
/*!40000 ALTER TABLE `question` ENABLE KEYS */;
UNLOCK TABLES;

--
-- Table structure for table `question_answer`
--

DROP TABLE IF EXISTS `question_answer`;
/*!40101 SET @saved_cs_client     = @@character_set_client */;
/*!40101 SET character_set_client = utf8 */;
CREATE TABLE `question_answer` (
  `id` int(11) NOT NULL AUTO_INCREMENT,
  `question_id` int(11) NOT NULL,
  `type` tinyint(1) NOT NULL DEFAULT '0' COMMENT '0 == wrong; 1 == correct',
  `value` text NOT NULL,
  PRIMARY KEY (`id`),
  KEY `question_id` (`question_id`),
  CONSTRAINT `question_answer_ibfk_1` FOREIGN KEY (`question_id`) REFERENCES `question` (`id`) ON DELETE CASCADE ON UPDATE NO ACTION
) DEFAULT CHARSET=utf8;
/*!40101 SET character_set_client = @saved_cs_client */;

--
-- Dumping data for table `question_answer`
--

LOCK TABLES `question_answer` WRITE;
/*!40000 ALTER TABLE `question_answer` DISABLE KEYS */;
/*!40000 ALTER TABLE `question_answer` ENABLE KEYS */;
UNLOCK TABLES;

--
-- Table structure for table `question_answer_translation`
--

DROP TABLE IF EXISTS `question_answer_translation`;
/*!40101 SET @saved_cs_client     = @@character_set_client */;
/*!40101 SET character_set_client = utf8 */;
CREATE TABLE `question_answer_translation` (
  `id` int(11) NOT NULL AUTO_INCREMENT,
  `question_answer_id` int(11) NOT NULL,
  `language_id` int(11) NOT NULL,
  `value` text NOT NULL,
  PRIMARY KEY (`id`),
  UNIQUE KEY `question_answer_id` (`question_answer_id`,`language_id`),
  KEY `language_id` (`language_id`),
  KEY `question_answer_id_2` (`question_answer_id`),
  CONSTRAINT `question_answer_translation_ibfk_2` FOREIGN KEY (`language_id`) REFERENCES `language` (`id`) ON DELETE CASCADE ON UPDATE NO ACTION,
  CONSTRAINT `question_answer_translation_ibfk_3` FOREIGN KEY (`question_answer_id`) REFERENCES `question_answer` (`id`) ON DELETE CASCADE ON UPDATE NO ACTION
) DEFAULT CHARSET=utf8;
/*!40101 SET character_set_client = @saved_cs_client */;

--
-- Dumping data for table `question_answer_translation`
--

LOCK TABLES `question_answer_translation` WRITE;
/*!40000 ALTER TABLE `question_answer_translation` DISABLE KEYS */;
/*!40000 ALTER TABLE `question_answer_translation` ENABLE KEYS */;
UNLOCK TABLES;

--
-- Table structure for table `question_resource`
--

DROP TABLE IF EXISTS `question_resource`;
/*!40101 SET @saved_cs_client     = @@character_set_client */;
/*!40101 SET character_set_client = utf8 */;
CREATE TABLE `question_resource` (
  `id` int(11) NOT NULL AUTO_INCREMENT,
  `question_id` int(11) NOT NULL,
  `language_id` int(11) NOT NULL DEFAULT '1',
  `type` int(1) NOT NULL COMMENT '1 == task; 2 == solution; 3 == grader',
  `path` varchar(250) NOT NULL DEFAULT '',
  `filename` varchar(250) NOT NULL,
  `file_type` varchar(255) DEFAULT NULL,
  `data` longblob NOT NULL,
  `start_up` int(1) NOT NULL DEFAULT '0' COMMENT '1 == start document of task',
  PRIMARY KEY (`id`),
  UNIQUE KEY `question_id_2` (`question_id`,`language_id`,`path`,`filename`),
  KEY `question_id` (`question_id`),
  KEY `language_id` (`language_id`),
  CONSTRAINT `question_resource_ibfk_1` FOREIGN KEY (`question_id`) REFERENCES `question` (`id`) ON DELETE CASCADE ON UPDATE NO ACTION,
  CONSTRAINT `question_resource_ibfk_2` FOREIGN KEY (`language_id`) REFERENCES `language` (`id`) ON DELETE CASCADE ON UPDATE NO ACTION
) AUTO_INCREMENT=1211 DEFAULT CHARSET=utf8;
/*!40101 SET character_set_client = @saved_cs_client */;

--
-- Dumping data for table `question_resource`
--

LOCK TABLES `question_resource` WRITE;
/*!40000 ALTER TABLE `question_resource` DISABLE KEYS */;
INSERT INTO `question_resource` VALUES (430,94,1,1,'','index.html','text/html','<!DOCTYPE html>\r\n<html>\r\n<head>\r\n    <title>Črviva vrtavka</title>\r\n    <meta http-equiv=\"Content-Type\" content=\"text/html; charset=UTF-8\">\r\n\r\n    <script type=\"text/javascript\" src=\"lib/jquery.min.js\"></script>\r\n    <script src=\"https://ajax.googleapis.com/ajax/libs/jquery/1.10.2/jquery.min.js\"></script>\r\n\r\n    <script type=\"text/javascript\">\r\n        /* <![CDATA[ */\r\n        var task = {\r\n            /*This is called after the task html has been loaded into the DOM\r\n             The parameter randomSeed is an integer that can used to shuffle choices or add other types randomness\r\n             The field mode is a string and can have 2 values: \"question\" or \"solution\"\r\n             question => means that only the task content are loaded, and user is expected to find the answer without any help\r\n             sloution => means that the solution is displayed, so both the task and solution contents are loaded in the page\r\n             */\r\n            load: function (randomSeed, mode) {\r\n                task.randomizeAnswers(randomSeed);\r\n            },\r\n\r\n            /*This is called befor the task html has been removed from the DOM\r\n             It a retuns boolean, if the task is ready to unload\r\n             false => the platform is expected to try again one second later\r\n             true => the second attempt should always return true\r\n             */\r\n            unload: function () {\r\n\r\n                return true;\r\n            },\r\n\r\n            /**\r\n             * Returns current task answer\r\n             *\r\n             * @returns {String|@exp;@call;jQuery@call;val}\r\n             */\r\n            getAnswer: function () {\r\n                var answer = jQuery(\"input[name=\'answer\']:checked\");\r\n                if (answer.length > 0) {\r\n                    return jQuery(answer[0]).val();\r\n                } else {\r\n                    return \'\';\r\n                }\r\n            },\r\n\r\n            /*\r\n             * It is called previously saved answer is loaded.\r\n             * It can be used if the existing answer is deleted by the platform for some reason\r\n             */\r\n            reloadAnswer: function (answer) {\r\n                if (answer) {\r\n                    jQuery(\"input[name=\'answer\']\").each(function () {\r\n                        if (jQuery(this).val() === answer) {\r\n                            jQuery(this).prop(\'checked\', true);\r\n                        }\r\n                    });\r\n                } else {\r\n                    jQuery(\"input[name=\'answer\']\").prop(\'checked\', false);\r\n                }\r\n            },\r\n\r\n            /*display some standar message or button within the task.\r\n             type may have the following values\r\n             -\"validate\": the html is a validate button\r\n             -\"cancel\": the html is a cancel button\r\n             -\"saved\": the message indicates that the answer has been saved\r\n             -\"changed\": the message indicates that the answer has been changed\r\n             -\"deleted\": the message indicates taht the answer has been deleted\r\n\r\n             The validate button should call platformValidate(\'next\'), when actived\r\n             The cancel button chould call taskReloadAnswer(), platform(\'stay\'), when actived\r\n             If isOption parameter is true, it means that can choose not to display the content\r\n             */\r\n            displayMessage: function (type, html, isOptional) {\r\n                if (type === \'validate\') {\r\n                    // no idea what\r\n                } else if (type === \'cancel\') {\r\n                    if (confirm(\'Ali želite poenostaviti odgovore?\')) {\r\n                        taskReloadAnswer(\'\');\r\n                    }\r\n                } else if (type === \'saved\') {\r\n                    // ni potrebno povedat userju\r\n                } else if (type === \'changed\') {\r\n                    // no idea what\r\n                } else if (type === \'deleted\') {\r\n                    // odgovor izbrisan\r\n                }\r\n            },\r\n\r\n             /**\r\n                 * Function that does cycle randomization based on supplied seed\r\n                 *\r\n                 * @param float seed Value between 0..1\r\n                 */\r\n                randomizeAnswers: function (seed) {\r\n                    this.shuffle(\"answersTable\", seed);\r\n                },\r\n                \r\n                shuffle: function (tblName, seed) {\r\n                    var list = jQuery(\"#\"+tblName+\" > tbody > tr > td.content\");\r\n                    var rows = jQuery(\"#\"+tblName+\" > tbody > tr\");\r\n                    var columnsPerRow = list.length/rows.length;\r\n                    jQuery(\"#\"+tblName+\" > tbody > tr > td\").remove();     \r\n    \r\n                    var rand = new task.RandomNumberGenerator(seed);\r\n                    for (var j, x, i = list.length; i>0; i--) {\r\n j = parseInt(rand.next() * i);\r\n if (j < 0) j = 0;\r\n if (j >= i) j =i-1;\r\n x = list[i-1]; list[i-1] = list[j]; list[j] = x\r\n}\r\n                    var c = 0;\r\n                    for (i = 0; i < rows.length; i++){\r\n                        for(j = 0; j < columnsPerRow;j++){\r\n                            $(rows[i]).append(list[c]);\r\n                            // $(rows[i]).append(\"<td>&nbsp;&nbsp;&nbsp;&nbsp;</td>\")\r\n                            c++;\r\n                        }\r\n                    }       \r\n                },\r\n\r\n                nextRandomNumber: function(){\r\n                    var hi = this.seed / this.Q;\r\n                    var lo = this.seed % this.Q;\r\n                    var test = this.A * lo - this.R * hi;\r\n                    if(test > 0){\r\n                        this.seed = test;\r\n                    } else {\r\n                        this.seed = test + this.M;\r\n                    }\r\n                    return (this.seed * this.oneOverM);\r\n                },\r\n\r\n                RandomNumberGenerator: function(s){\r\n                    var d = new Date();\r\n                    this.seed = s;\r\n                    this.A = 48271;\r\n                    this.M = 2147483647;\r\n                    this.Q = this.M / this.A;\r\n                    this.R = this.M % this.A;\r\n                    this.oneOverM = 1.0 / this.M;\r\n                    this.next = task.nextRandomNumber;\r\n                    return this;\r\n                }\r\n        };\r\n\r\n        /* ]]> */\r\n    </script>\r\n    <style type=\"text/css\">\r\n        label {\r\n            padding-left: 10px;\r\n        }\r\n\r\n        ul {\r\n            list-style-type: none;\r\n        }\r\n        .answer{\r\n            background: whitesmoke;\r\n            border-radius: 10px;\r\n            margin-bottom: 20px;\r\n            padding: 20px;\r\n            border: grey 1px solid;\r\n        }\r\n		\r\n    </style>\r\n</head>\r\n<body>\r\n<div>\r\n    <table>\r\n<tbody>\r\n<tr>\r\n\r\n<td><img class=\"2\" src=\"resources/crviva_v1.png\" alt=\"\" width=\"404\" height=\"536\" /></td>\r\n<td>&nbsp; &nbsp; &nbsp;&nbsp;&nbsp;&nbsp;&nbsp;</td><td>\r\n<td valign=\"top\">\r\n<p>Bobri se igrajo s kosom lesa, ki so ga navrtali črvi. Iz njega so izrezali kolo in ga postavili v stojalo, da ga lahko obračajo levo in desno. V luknjo na sredini dajo kroglico. Nato obračajo krog levo in desno, dokler kroglica ne pripotuje po črvjih kanalih ven iz kroga. S kak&scaron;nim zaporedjem obratov jim bo to uspelo?</p>\r\n<p>D pomeni, da krog obrnejo za 90 stopinj na desno, L na levo.</p>\r\n<form action=\"get\" onsubmit=\"return false;\" style=\"margin-top: 20px\">\r\n    <div id=\"answers\">\r\n            <div class=\"answer\" style=\"width: 200px\">\r\n                <input type=\"radio\" name=\"answer\" value=\"640\" id=\"answer1\">\r\n                <label for=\"answer1\"><strong><span style=\"font-size: 12pt;\">L D D L D</span></strong></label>\r\n            </div>\r\n            <div class=\"answer\" style=\"width: 200px\">\r\n                <input type=\"radio\" name=\"answer\" value=\"639\" id=\"answer2\">\r\n                <label for=\"answer2\"><strong><span style=\"font-size: 12pt;\">D L D L L</span></strong></label>\r\n            </div>\r\n            <div class=\"answer\" style=\"width: 200px\">\r\n                <input type=\"radio\" name=\"answer\" value=\"638\" id=\"answer3\">\r\n                <label for=\"answer3\"><span style=\"font-size: 12pt;\"><strong>L D D L D L</strong></span></label>\r\n            </div>\r\n            <div class=\"answer\" style=\"width: 200px\">\r\n                <input type=\"radio\" name=\"answer\" value=\"637\" id=\"answer4\">\r\n                <label for=\"answer4\"><strong><span style=\"font-size: 12pt;\">L D D D D L</span></strong></label>\r\n            </div>\r\n    </div>\r\n</form>\r\n</td>\r\n</tr>\r\n</tbody>\r\n</table>\r\n</div>\r\n\r\n</body>\r\n</html>\r\n',1),(431,94,1,5,'','','application/javascript','',0),(432,94,1,1,'resources/','crviva_v1.png','image/png','PNG\r\n\Z\n\0\0\0\rIHDR\0\0\0\0\0\0\0Yיz\0\0\0sRGB\0\0\0\0gAMA\0\0a\0\0\0	pHYs\0\0t\0\0tfx\0\0\0tEXtSoftware\0Adobe ImageReadyqe<\0\0IDATx^G\'^ӧeI-rNl&,cw{\"nawXL06s%Ysֿzg{ITuUuuf\r:\05jX`l۶R\0cǎs=R\0cp	ۿ۔*/_\\1kԨF\ZbGﾣ˖-#>^z/}4W\\qI}frJ`{][n%I\Z5z\ZQF1jo&ow`РApy_Hcx@!wŊx@ۃ\Z7nn?A=)F\Zա5jDH^VF``Ơ+[/MK4\Z1ڿ=vO^G^\"pRD?\\B={F\ZMv5jPKcƌK(G]j]F+9slf_\0QF1wc\n򗿬wH۷o\'.\n^zǚ͏ռӿo\0._l#}\').rjF;Q#\05jDQh&-!hٛز;k4RݑMq5unx;A)5\'jp5O~ό;/|2w7\rdwrWߋK^z@[\"Fc	u/E/\r_\Z<?/@?{l3-\Z5*]_5~ϒ$f~ϊ8\ZxnCZ}koNg1.7B^\nǝ5\\˖-ӻqܱ\0[q4ro;c oQ\\\r\ZHd_eԁF.wOxk.|2}.wt+A6>{nFX\"<Jl\nz	\\$5Ek*0P]\\p%pguV#Ϭ`;%o^ծFkcٿx#Y\0<a%WCGk8p䀋7eP511_}CYp` @ލȾ\r=+bX5#*/<\\_;o\Zi5z18˅wFk.5jTǗPA[|/\0-ޭ՗k5Bw5Yg/YǷKSvv5~?.މ9/>\0y3wʁ;fxo.Z0(CxW0Z4kIU s7UW]o|DW_on_ߝ$g:r7:pרPGS{vSFo?T=>qxf11(:ph\Zx܍|dwrRFi܉F^ mK03x~QnuR8<p3|Yc\Z&~pLKAF;Q\Z GkDMk\n^mOI;kh]#	ȸaiw 5jKy)=;_0\'(jhub\\ho3w(5e``K1g__ꯗpF+w(kG\Z5|`ވ?Xy\0<eq5ʢ5BI]\0^;^]D_\Z5x$~jvK?%}`Ɓ<o뮻FsPK/\nФ1Xlѭ[RF\Z)X?_җW\Z,8FwhR{lyw5jTBG߃=W}~?͠2\\vAϢpQ_Q]T^Jy;nd߇_o7:pp0 _~}5j9/n4߉ޟK`РA@?\"?Qi|N\\\Z_W..x|!w֨Q?t>?zASc@1ۺu+86^>wחk}O^;tGN:hW.??.[5?g_}YuK]w:سm==FO=RyL8ї|9]~Յ4VA5|`/LUAx.}UI0h~/AȨ )	``A|8|6v`߻@-?xǻx	?w?ްryQ+ȽF:(o]*8޴txsmUf\Z	llFQǀ>\\\rS){5yMk¤|[\0\0q`#>O\'j{:صuYسe淭y7u|K9\r&VGaF[m+hp9t~sPQ-+m.ݏi!;j^ZÁ`kKyUޠ^͚Xfs.p+!Ra>zmYn\"]0d;\Z8~.65mu0xw?ehH\Z[\0-^\0[l67}q԰:;j\Zi6ps`X+^ua!wՋEg:#/yzz~\0Ǯ-`-i.vK/OC4tSۈd~7čƈ`j	ѾX,;s3/7\"7n8J,ԁ?AظE&@s޵&\rwf-#j&~m(i_BO/܃o\"\Zi}\\#+tucO;+nqbǱs:Xg=JK?Yc#	jk@*l9jHe6HRS^ʦ lu>L=5Bzis/w	:_10wN0wx\Zq,{!Xh,_5=C-#)띜(Bۄhnˣ78۾^(bA;!#`,o	ϩox+\0)7|P\'G~;U/UAz+*X/|cl$#Ӭ3V3LE,<FVgry:)}ڗW[GO9Isay1ݸD}@W_yUGo;M\'),򔐁E`JyakVFmkD<zmYn\"C>zxD1Ƨ&w	wX^õgcϯ/3ԁwx\\ޚic`#g]jAM8E. KmKҬ#&N 6F|ș6ζ7\"r]XN*돝ڃkNoʮFE{8Q_`k\\qs4gҖK\'(?&V3L~x#:s18씂Yr]yeQ:\0NA|X8<;oNo=|\nwc;6w^U\ZAim`#j+\Zyd6<ӬqiMȶZ+20cyFHz%Dʁ\Z-3,Ҿ^$\\ᖯer*+Nٲ^1X֬~W|t~RƢo=۞5k,\r^|v^bZv\rlY=%\\`2LT^SRakVF\r7 =l\nVC__Co,Ӱ˗\"u<Q^&%e\0]#`\nާ#0c6l &fwF1bqK7-y!x\ZKeX0o&mIYe9\'k[Eh3E`yQ\Zc<8[(7/R0˗WY+j9JCnۈ#6N1/㏝G;nc`owcx)y_x6Zyiv\0y$[aKWT:f5y׶aGEta=塀<sXoEFr%z0\rtP2GB0m7Xē\0_>q{)w*aE\0e\rx4yw6M-&Ҭ˜ڳzZyь)E\n֚kYڍ_Q	O/aK:\'Zf\"zzp=FQ+0²\\ּ\"\\,ǘ5l,r{7FCpg>V7#}unp@l|@~Ο};l߼V8tp Ek251˰aMJےӳL1R.)BT9Q1i\\Xnec[M;05YN.]@KIg63OnhO1MA.L3ήif/m=o%*wCW.N?e5^n<Ȑ\rK2Xv6\0F\'\r	jucl5(Mhgl͇bu~:cEh~G}	=8,Y=WnF <21e/kNaJ`F;e`O/?t\rpW񧅏]\'^Md\rHW4!Êa4a	;]6g:Ͳe:.-ˍ,F>MZXz%Dʁ-hrӋ4ܲj%eSV\'DcDfymr܉\rjw6h~iKϡ-w_KG~k`unaGbPNhMFbRML2f7rbۜـ,)BcH-dc\ZGzj)/eS:r\'Zf\ZT(\\a-Ex7K\"\\=lG9\no;\0}?9^d߸+/unw|\Zb X=~=ns9Gбx?|z2RX0o&mIY-PeLX0&A1AajM^d~Q.Jm7^ƈw8wK=eT\\W^rĴW2om\Zѱcl׻;Ro}/mi/e*\r\Z}PnVn/KIQRA\nŶj|Êlc_5b{\rz|j\0A;\0[E\r۟	?x/|Z}6O2ƾz&?]0`/P;w\\Ij`*b\0ˊ!:zSa5E([䅭5B9&/kӾTA|ȡ1[cp=[TOc`ږyMA!X+p4n=PoLװMOu.	]\r}?]tt:Xp\n{MΎFY0eX0o&mIYe eEh ?j^<l1|1rCL{,.Y uu2C!Q%LU|c)\'y<p}V\02ycFK\0wi\Zcc~61`ac,)Ҙ N0mx\0I%=lYpz^jQx#:6:S_\"Gȣо{^{p˕W<&YfPVZf0\r\'>	@:/%Q\r]\0\"k0>Ȁ}@ln1䆱jOn(rDKM0dəA9[TX(Ӊx0t-P$mYnfi9#vۚ!=4^IglYnZA0t(ř2o,qB	pz\np˕\nmL\'DScl-<ʵD6l:4\\|jpb\nJ\\qePҋ^~vx^A4Qabe:8q5eX0o&Ŷ9=%YR%i4T\n7gc`[9-3`0aƉ0rdt~ؽelZ*l^B8kUp\ZvRYgۜ]#W4y\'#9!kG}vސ+0pߥo+:pW:p\0p\0@fق࡟vn^oZ<(pa:YpGk\'*E6\0F\'\rYh,:_:A1Aajfi$[@L>cN4?e:SτO?JRC$GV瞂%w㞫\0RAPQd<214MQFck9!=8n}f%\\\0a D3\ZohXh<k4\nZMڲ2jxr@2EXj!%I]DxEC634kbZS<(j:zE<#BQr@[kbiκ@\nض|.<+܁h3\\*PK\ZmW\\oKZD؆ćm0-\nGT{M_eou_-	=@y.~JC/%-2jON0)N\Zb˜Z3ybۜ6?+3aelY#nnK·3.{.`<\n$G쇥\rG(Oz8\rT)\"XE UIemi:ɔxoN(8Fh%mPapӋ//5 >ٞD	8x>R`ٲeQy*`?{u3:ӖLԁ֎ۜXKLq5KʬJQb5ü%gbBrNNmL`z(ǣ5xp/Qnh#ǎsa˖0d2ꋰI?F4OlX+=GB1)S^Ξ|#@|&xr5!^?x`x~*׾o#)e82zyoN#ȷkn~?}=sYfQa\Za[D2\nR\ZVqE4\ne&VWm)h#]%&x:K)wh0K{=^P^9Vt}\\z\"şO\ZKثߴ8\0~ĉ7oab=6QN+jƪ=9&w,AeNY=cE-<hI_+j[kζ5.{aK:ck{*Ð]evrR>d\0\ZrsO1	h6p\ZnR-MZ	0－	cgjU\0~ڥm4pŵ;lN[jw}雏$7DLzD(i.ae:8q2k&.jba5ü%gb\\R%1rmc\Zd4r.N۲1ZO:+`ԙ&=χ >B=7;Σm42Uշ,ՆtF<{10iClp.Wvv÷[oOWغ\\1yhOxW^yeƈרmkݲ&SEÁ}\0(W	qH=K	ȗ-ʒmחv㔋m4B٠Јo+GLFWFrr⒈勹GV2b/|/StW*l\\뷬q1h{w=kgOM[b\nlNnP\",E]6gˆ^QQzEY\"kKi\reVta\Z^	z+Znc\'O)\'	O:Y[dO!\'s)HTrW-|VK=i%J`s@1,Ae~%>^VN\n߻B	ZpWS\n;ׁ?5?|͔꿯/]axK;l\0Ӊ]%7U9:8q*!q	)aMmszJdmKS Ēi+&QMA|ș>ꂉρi\'&M!Jy0`I |N<1\04JUI|S7_)N.QXm:(4\r&q߮5v|;ˣXrWM|I`6&x?hw_C>fuƓăwi}[X#:On1鉲Fud\'SXuF^8Ԁ&hJf7rҶ,C^زa;\nCvI`0ڑ~ώgnY=\nZIgd3-ia#G3_f́#gA])yrR>/d\0\ZK%5ncwUzSʪssĴWmimQG:5儐3/͇l~ycohmgڅ8?󂾓?lPp}5hjSLLׁM|?eeNVA\'-Nl:|bmʑQ26\'w\ZsN4AMo c%Q\'^ѐ-.1g68<kmԎ+`K/͛EӴEC	9p#gdNoqs΀))aC1\"ĦZO5l|^<1\04Jpزj	o7D\'L5<2\\r]&#k\rd|؆(Jz`dȚIBڱP7W`z=ۼM|Dn T>p#RSn=.]^ͩs|J:{q#ƪ=9A4j!<ѩҔzS#Gs.fl\rdnudӰr\"N^&Q>r$8&A:$CXT27\'>RO-m\\Yeo1093:E8yϏ`kƦh͝_ާ߾\'QI;c\'DmOWخ6w?|\ZaK5%7>2bR/͋%HFnRږeAkh~9p֥CM0>DW۷8a֙qzFMTR.eoN2}\0;VṻQOP6h#laE8K!3L<ӏzyI0H!gFކx\'p2WM+2[GTꭇ- CpI6o&u<e<8~>;h~Kx|^?baney[!Kq!!6Ga¤O~-bYp:w}ʏq\'F\rUuW=0r\nVc`4<qxmCyEfW\rYHwO?.8i\"|Wu:/Fv;l*DFd/n?!n{kKযxIR\rD\0KłP\nd\\8p^Wf1axǧ?cN%I8w\\fN!]$<FsNbώW(#*B;?rCuGz[J%L^Y1LEtg_0Gլ}[~ucŊH3跗R|l\0Qx?Dۿ|v$ٴf$4Ҽ-QHv0V7E5vw9?y.0J	)[at\'bw1`B*$CXT27\'>Ri;`ǽWt	*[qj0B,^o-MS+j:) Ã;*H.pdFqX}i{7pSpU\\/:w>F/7~\Z7n.Bx\')տa;q\ri8 Brdo:!\\^XuF^8W^)ҷ\rɜ3Ns/\'o}u5dيf!D,n fBhZŦJu-|sc\0h,|h);U(呉i<HX@pk9obDܪ$SV(܂EȤ\n:Ż`_yw{G)~ZTSO.JSm<I\r*Ѵo}WbJmK>C\Zrl800M(Ö)SMP+5\r;;خCC&y睧ޗHwCQG}sZD׿sK*O_74<x\'7	D-NTIK383ap\Z52\"@(NcLdbcNbre^DӦL9*]R|uRCEkԁ=q3^y\0~ߍoϫ̝nqDZXbhR\\w|g0[{n\"z4r@kܤQ,ߞwRO.߷~,b&&ʻ:Ä!LI#K7x#Y.pE2Б#1\0n\Z,8>W>=]7\'`:	<Gm:4KßYߌ²82\"bwwPxT	g{zqxE10\r\Z^ؽ+ymCyEXmL6#4G=(a!U?zkWOqwiߙ(B_SUӲ (p\0eK\\OϚǞם)rjBĥ5f=|eF\rc՞d)xQj˼yYõDbSKC:+\ny\"yJ\rA!Td[R]d ;ߜd\0\ZK%Sہ;nO*xåa5(	+?ap6,cgj&pmn-g͆`#`+{az7~\"F-|x^.r?Or.Hlt(AO/?~{r:fQMzCHB`Q/$0X8sm>g7Z\Zm5//j=QPv̅o;S1^fk+F$<\n^^L9vǭ\")5\0IzP\'tѡ#~oaڴim֭}ԩSZ~zMbx@CqerU_O,vmYaW|^DL@T3Roy͸ŧNjjf}Ӂ\ZƪX3\'~TEf=}tx\'>#t[91[-\r(OX*A6XPmAHu-|sc\0h,tا&zm#L?){EeU9JCydbZ+ڙ-K67C#[6\Z-obDژں@R`2H¡G`nO^y3%^?:ozL?w}}w;[OL2.7Ď\ZO	b6\'7U{rZy+Ro<U3Bt1[-\r(OX*A6XPmAHu-|sc\0h,dmxX*Q6p>Rįضz*\rܪ:eHnQ%ʏJl;f#Dr#oEM&bc[\Z2pւeRe8x`M0K[#gx[ߨ(B\n291`x;џ|NJh``4홒Q4oK5%7U{rݸD*w|\n83oh☭tV\'D,n fBɶ ȖAv91\04JuڹF4u<Qi\nL0f\\z`9ƜlG9\n	#הxSg>hmD٢]]L}mVhdւeb<鼍CG[1l~\'݉ğ7/w/x\"xAv\"\ZANf-zf\"[;%QJz>QIr>y6S!JB:cZ\ZYQ8ȻUm\nz\'ۂ\"[$\0X(W>14cjadh^SN9xr5!^?\"裵A p!2h#[3`߁pXl0O	\0J8roUdۢnxIџ~V=M8 5QT)5f\'*|tކVÓ7rǌ\rH! jiHgE|2O\"V	b:(l`m	d盓L@cRn_\Z&&\rܮ+q\\S#j\"r~<\Z6ĳ\rQ&mȐAfw6h#t#:Tvh(%q-*\\w#e&p}Y0h/_-kY\\,LfAOE=[Qd#4cXQ{ʐƪ=9`ԯ+J/{߻Nwz\rςl4p>\'bw1`BʎطslY6xmx\r>Ny;~ZoN2}\0[7{nÇ=*p6&\0	`ZerIp9($ky;oB = L}eT\Zop8x|e7wW?ďFЯ?][iuY)5c\r-QHv02ʈIr΅7_P\Z]=ojIBt1[-\r(OX*A6XP;7mkÚE%A)9T_1\0e{KmDÁ[dV&hx>[_3uqa쑑6B<}\\\ramchDRj>e:Rg|wc\0G<`xx|e`aϟ艥YlTW\0\'!fܔ>Do6R[;kb,0 t]=5/cZ\ZYQ8ȻUm\nGdݰc\ZX3uk))\'spt;W\ZWdŇ~ݧ6sorm9JCydbZkerMc:m4Z9!rcohmLm]V)z[,3bN87޴X{|{Ma}unK9nF\\p{b4)II֌%g`q0qD1z`NM6h݁a㺍z%]Ppy\rCI:#WR8QլH#/.#8f!<[%ٲ#gؼzyi_#Ǝo|;?$:S~IE/(yVshh:&7(0w+KP??S:C3\'%7j2Б#8xy5qFwࠍn;\r	ߤ0oϔ֏©gO?:\rb X˰%WE,\0O>鏙->/.#8f!<[%DGn5X%X%Zg{1t3U֯3``O\Z܊ ub(=\nL0f\\z9d<ʑU0N9ڑk&\ZV%Xˌ]]L}mVh(\Z&*+PFVu߽l?\r?~ܴ/kȨwx;yLE?ثO=B6{(+7Qͺቻ%nÿY4-S2I8f!<[%@Ѿ;_ڥ!6E.vga̓.Se:~~鋰y\n}3\rs=bܮ&yg[Flt, b8ⵜ|Emrcohm1Jz[derDFeYjϭ7֮fh/B-ԁ	<vKMn#7#&+~[aSLf!y=^yݚ_;rro&ylȧLC. jiHgE|2O\"V	P#\"\\L^be#FqIbp!lپUoe;jc`ģ\\Kې\rQ&mȐ5m&pƥY)إvaZUw<P\nPϾ8x\n)֌V+Q{ &Iaޞ)8=~XF4s؏@\"y?0|TI;D BLC. jiHgE|2O\"V	Ptbtða\Z\\wNT@玖Werk\"－Gkpdvx0[/h#D2\Z,Pn\n܈#fCpck:;+B=eO-`\'d73C|a~?BAz\rrkhyia-FhQ<VQ6h;({\Z߱)sMCʲ(+^ʣ6 \"6ҏEX\"$CHKtU\0~4{tό)\\|a/ڛz\Zu.|C\",ӗǍ,=JxOL	=d(|VK/?yջm<5\r#t7@i\03^dU7&o\ZLc,=+X~ޝM9e>/_IZ9ԁ\0/<B,O(=.\n\rvIy1{4WUbS\'v~;\ZIdvȠ+N\' P<!\'kp9Jz6]\',6\ZK)K\"ti	#}Wȟ	ԁ;־j<2c+\0;[eﹼm\"逗~w?$I{,,a!p)*v^dL9x/YL^,E>F#6>*\rje$219F:>y|sR&PL<7-5DSQq3`\'Sj`(t%g_wzyHsד8^\"G+Qf]!ۥlt3/wXw\"\rZ;Þ;Y,U뛼LZ5wC;lӱ~	ԁ;\0B\r`Ý&MTD7m.?3;h,A_ސ{\nv2q (H^NVeUNB^Xb~(Δjm+&_&Pf/3xd:^*ITvGស\07}am$svڋ^Z]8ڱ䌆D!=Z\"s*9բɥgysrbFN(oDr.:E)G%{bѥ2`c;2x_uUZV#:pgRJ~C;嬹\r<?4\n+,V+׊5KkYۅC[w欥a_ؽV.ǦP>\Z9IiE\"\"61cDvMðnscnw	ԁ[^}RfԐJxOW_̹ՋVOɻ/W-w`$\rȵ/7(7(%i_چ̱zdcV5^D]Ҩ7L\rI^Ql62@݇wO~H!5Ճ#ý*`/zzN\nu.kX#tdЕJ\' as2ɞ,JK(\'+S26]\'2H}PkACu+cqԯ<Ux²м|1B\Z]S`\':	If@>༷\\l[,b|tV$m\"ٌN$/nxǭ]{o7ke\")t4!0rnRXYnǖy)8۾He/eGdV,#`ܔ0|h?8-d`iZpSPZdT`^*{d3j?kClp.N+bfJ+bxl͎MΨ<`Ⱥx%٪\0ף84u3ςFpgX\rz {5&\r?9Yqi#QZ%Ίȇї-03\'G9V$t4o0BI[iCh6WV½7ZDFby`d`$w}iV!DyEc)^F2LSԕȴ/!mHYq(\\W>=C`I\'O2B\r2E)Fx;6m/\0+-c-\"xD*>QԑIkmrcohmxFn&I3~cӎYC|Dt҇W&>vJ?H{dn\n~VKkt|Yc.;\rn!3riDHFA.d|yaފ.;#B\rHJ;D Bno}{	8|VEʋM,kHLs k^}KԕmLql\\GpB{9Twg9: m(<D_:Tkא.ҩ9\\fugع9J01F1f5dMTV(uB#_s*(|Zw`w`Cpy\rL:;<c\\iJml\'Pg^6mD<ɜ[Y*1fT+z/\"42sdԸ|N:\rE0dP{ћ$?uqʒZ:y6RY(^9~m	F}=>5\\C\Zd޸t<uW)%\\<xfwy4;\\rDwl.t8p`/b:*R~u4r㙟6{\\AQFXFOoUp)tzN5~B7ϵHJlX\"QTD$դK\n\'\ZhX N1.x6G~Eř!?M(#6QV,|pwm_D)M{t\nvx^<5gv	\'o~I	}p©&x3l].o;%4c9NͥFp/S;ޟ|w~wU8}C;v>YT&f8:^|Y?fk,%C^QЦaZ.:L5ES+oW#mT>-AwN+_fD7Bm(\"d^v|peOڡ6u+/[	:h:h<8زΙr냝}ܶSӾ[w[o\'tͯ~[oXN:rΎv\nj|<;,^	(ǲ1bB*.ҔRø=(	b戽𑷝c&pڹGRC\"hlTf}Zz-q}L?%\\.#\ZY@m/斿lݪ]Qr1H=~%otMW|曁KCQUC/?֥\0Y)y]㝐lZX{(	[/>Ge۶\Zt\nk^|D!ٽ.hI*snصg~\\,V/\0?\0^x5^&\ZCjRgG￪\0ߠjW@dq=j4zǌ3_(5-\\gd^B~x00 \Z~Uj~S*1iML\';c1x;`ʴQ 4CHV\'aʂ4m<0n֏kr.QLb9߮\'+ޠ΢AX{f>\"JNb\"oHV3/5Bo99rhDt/_Ii`xcը:pc_\r<7-5D :2.~aSxmeưdONMm\Z9痛E̀Goi\'B|an8(	\rGYEqmI~M*yE>M+9_W`NsN.~>ϐ\r{GǾ0Cn\ZX`<eqIrcnx);ZxuV5Z.6E~\Zm.Y_asu,XTk$!մ8`.^x\nr>f&>\'LKUj7AxȡNN8=w|M32p^qfPn\r̂YgwI۬N?߼)xֻ3.5jx(IIjgMm۩oP3y\ZqX++МS59f\\}~=jHq3mlKYT)G%{b%;f5ذ?<￟2pϻ _B\"PpnmHv/79w`CM^%rqOX;rԺG[.ZT%4s|lOCAlj|DHeDlR]&?@$%]ĕ1D_:g~pW\rN9e!$GlYt)˖G^\"5_\Z2co{6HwAGa\\vo~;?xF)T-YW;F{^xc\Z&	#Mk|.|wqx:<h$q1\"vڳ:_G}ͯ6B}wF)\\lx]n4	-,)oTtuMWed᧓DG?R5OI]h/Ћ9Jz6]\',6%.vU}_A#q=nCN<yyd7=?׼H\rGN&ZLHVs}m:hc_ZoIgms/ĆvD\\ur|%D#JO>5}K\'C\' qV87SVs\"Q f5яN=\n7?Lތδx.\rWYe֧Ydqm##IuxGC8p vo^vү[^>=y:qDkۈ\'iڗso-L^@L\\嚿|/|$zww:>w\"|w텯35w[\ZTVQ@9]8y,[AְsVſ]!8C\ZD\rwB2F+TgmjъsԄo+]ޗP5\\u-ǋq9JJ(Δ\Z~)ok7>0Q]0H|=lA·}sf~׼0,y;QDR\')8Yǋ+\"d($|wfZxÛk~_jk?oEՓ_ЧgO/O\\V{šsW~LM\0[a#WEѩL^b,^J!];UОv޲y 5H}={ԉUDH#|)D\r60k?gҖI?Fg_f6W:PF\Z\'z\"L?xx9nixy}\n֫%/\no\Z;!aU)Jf7rҶ,C^زaʣx׶!}p#Ctzѷa]Tq:5.d?V`ƵWٳt##z<xbJ*(Fxd9QQ/]8[YF56ģBNa@\r2f}1X=I.LKgTV^=<*c8mv<H\"]`>|}#+[n!IG9m#Q<\"&5P@ߤG:pPrZ3<_fȞmy;[\rOxB(5CD$<q\"Z[FO![Gwztq[ഋ/ĔAYNX=\0_zƕ kG<1΃#)7ԇ\n<pLjNTDFOu;414V7\rf,X=*[C*+\n^GFl\0T>	5x\\m?:tt02+|˿\"iFTҽߏ|N=	b\"W(C1CL	!	E\'sê%tYhSIEW*	&oW#mտc[8r\'uA1l<(B3v?A *ƾYTC;oV{ٓꫯ0oV뗁{Ӳ=ߧ6\"0JxpPd\"gF#i҅>IYj\"g-8RSA\\{v\":7+E]hmb\\oݰWJپnOL -Iurs4*)e${H}f+/?>]?}W)F#S睥Dبte!///[5RFc$7H{UV{gc:gr3+_=\09栆/{(Hb-hrng^Cݝ0R3FK^w.pc޳m=;lc`*3F$	sLHM&5۫m0\\\0ΕW7ϸY\\3#,SwR9J%:a1H\r*fxEx1et}!iGa˦\r/I\'U^pAӤ&9yWt0up}\ZDc8b\"Dֿ[4YuM5ϱK\Z7&O\"3g{wuFl|صcW/F-ޔ*vmGzے\Z1xKπWݯ7*D(no!\"Q`t쇁\n\n[\n^r]$DyF.؞6cqu{ʉgjZPc\nǪ2ۿ䣽]}T1H#*kKrޥTEs%&]ճ	)\rϷ@?ÆtaWT|[&p?^iZsӎl:)9)\"l:^h.\rM )idm]d*[71ų5\ZrlJefJ,ؿϽ76bu+AkRs`B(;_tvQ{a\'\'$_GoM˞TTY9KW?WRS#Z:N^D_8CJ%UTĉ*!Tu{<\'Ni-Thc+\"DuB%PBR>NAswᗁ?*ݥ\'w77x#I|޳mt(ė%uslg$eh$6;\nɲEvDc@9+PcM]&OqSU\')˿J x!R,!XČ%]]470\"LHս50O\n{pUWK}>p?sCKЉhcsRC\"hld}ҥ!QX#EFH{T@J&uwY܋F\\ycwݭyY4 Tu76?lݦCԺ4qd\"2ts#b}:plZ^tcfM+B=)C|odo%=;W9WIh%P\Z6vm^#:Lqb5M\Z70mnz$1Ol\ng;uhS,5@W[Y6s\'K׿u}/ZyAhr\'C3++`Il1oY2\Z-}cDFHm#Ӷ؆@uK}b[h\n2sFby+Eh,~!goŤW	<h\ZpU8/RV_TVkgd7_a$賁<)f\ZRFBF(BGᗥ>fuJ0N$!z5ً&\r\Zߛִ֬J4cM}/ zܿ߁\'MJM\0|\"skfvuȻwl䃸#ٴ`#l8rq/3\0ӟ4I6dwV9)vA{R;8iH`6ZMPHӖGby!q[[=r$*_}d໇!Cms-pӷO{IŨlPRڔGqPHͥTEkAGKm.Iq: ,[_\\2s/W20I\r4$\09.{>I[4;L>;CY#lK*s]421͐i{~R};wW\r:߇6:mEpio|\'s?kǫENayfrŦ]$T]n(U]nSgh|#VDҗ/lw{ C\0b.X\ZG\ZoH!4\\sf\'Z2[撼5ٚj:$*xU]۶P\Zwf\r&7\\\nBGiMӈ7K$hn&%NaD2hXE\\{k@]?\rww3!ID\n+,Ng!pRC\"hld}ҥiӌ\"zYB<kV\Ztڗis7wO]#/\"qSSCkʔ/x=F̀KM\0֚ԴJј`i:p	T7b7^L82/fS{~wPg:&I\'^O>]\nVU^8&<jGj\"]Pl^iU\Z6h8\nSXycw70>oTX]1ʒBIaYx\0D2DrJ]H4UᗑUM\Z5[Q.YL^gCfg|2a>\"Zq֧_KHBe&g펅mAmC(cKKw7z{90zXg-?bRIog񐜜	EEs3n Y3bHHod?}PM%tםs\Z|_$IBmeH;RC\"hnhOW2r\\|wDˠ5\r^\nߢG`_Y8LW.]8ώ{\rLr⒈勹XhWr׹ʥ?\\ |$z㬇@AC;aTw=pO\0{膴VaXړ:9UTDGA-&aKW+imM*kL١r];}?p<yITASQAAaQ2f,\'iGr.D2%7^t׿\"U4,o>OXFnHa&d>YGNA5I($|ηOHE.>\\eQNZlGmtm\'kk,yٔ=4y{95GTmm9L|1<)ON<Fx܅@bڛHVZ7{^8rh{qyS	!_,;N.0jTgu(\\(D(աI)e6hKB\'\\YCT?\\V8R(]@Eg:_|ႹhQX^]%w)U`K$դK\n\'\ZhkE\\Yд<d~3סz5poZ\0ֽ?A9vi}fYNo;SEt]\Zd@RR4\Zu+u(Po+Vtu>Q7m*IŘfy\Z7$5r˱)駜C\\uP{$Xb)l];X$4WRyףYL=[_\"3r|Zw\r:$}j~49KTs6ʟҌ[/\0V3N|\rno>epщjG*!]i	mj36tx)5@IP1ۄy(tIAU79dtu[Xj:\Z1R(W\'9׵o*+\"J&wDۅ|peOTQ/#?}	#:trϚz~_z-pl.p^8U|fYgubD$T1ML .]w_MЉYoFMnN;n8m|ټ\nq8o\'Z<}% &ݙ+x<Q7/#6ҏEX\"Es3.q\nS \"|T\"!UF5υAo<\\{_ܐxhO-#SVi_YȥCepI#\rHW}YggT)6y~(utIU͛9z:	KMC%dHy\ZolBZM=@AM8y^#$\\s\rIz6>c(?{;̶?U>72r	MDN j 4	͡(mRQ_c#G7R=	\'g@\Zr:0YMi?\0AB#Ix4GP[넅1LŸFRʒH*;;ZyUkKǏ\Z<|I/Eߨ_ߣTႦI7>f*fLe4Z>$.><BH-*|zNhBԧ\"M)o+?85#C/&g#T PUL(\'DtoD\r\n{;dQϿapܔ}$ܸ>~+ `\Z\"\ZYdLr#>$lٷ>f\\HB5ꢉi9#FKY5x\n{ppo.Umṓ+YEqmIλ֪Y{WfGiqe2Gp-H\'*-ίNW_}ugnm/}zJIdw-]&Ory8ןK=\'F}}hIk犫Ly!q[;T9G\\3\'؂8Q`谓2,[4q4*Tx^Ylbc~(\nWo20>ZjeNDzKYFu샋?/$=\rnz`&3i_̂2l`9\ZYGrUKw\ry^62\rTb/Q_j0s]0mUu\n9^\\p)qbx%{XCpvPwjW$wI1-w៌1}l*TS^uX}$P|٧ԈPplo!} C#ٔ%0ٚj:+3gr:\\O{oчǚ4s`fw+3ɫqoﾣ2y#֋!磴iF\"8c.IuS\0/\ZtW$АVړF]oR0k>W0ޣGL\\E^z-:\'H]^slӄYlGiu:!f\0M:oprgISIgτa0a{i:6K/ji[k9Dcu2j8=Nm5cQ#/ɳNFCggnsc3By\"yJEK-M(y鳅}(a1^xӇ?M\'Ubږ=$,ZfHxI\r|YOT1N	慜(>Z3^\\ b&XLN6\rN:,t,=a2?}:glY6MkVë/>*{;^=|d5\'kQ2lY{0Lav1iX?vwnnfH3er.񚨃F&e6q>Qn\rmx:S:D9MLM(!	\'7̨#si	Ə25;2,|ixm:-f$<q\"qeg͘Id\"^Q#&^%f=;viFv+,4p>\'bw1[m[y#	C6I9QC|\0goy/L=a&}\\$%)BۢxP/DƖG.V>b6r>j3P!fDvԩpyx9?%؃QʅO-ܩJ<\\y֌2lf`ۃCc~~JXmlCg#wTWࠣRpq6`>*y:<I?F׌\"@hjmFucp\Z/!7]]X\r@5ko6mb\'vK\nO2Hm(s·sՇ	afډ\rO-\r(OX*A̖՚VhymDÁ[d,S	:ƴ;2D*p}C._yM9!M\\\rS\rًvZISԙ\'¤ǫ֓d6j$6R|ч	`>dĭ[<<|uqzjog\r*$};FAAlMnF$/-Gwmܸ۾{\r5+Lrӭ<nVl8&fbip4ṕ\n$\"u\"f}ӁI}\0\Z7F\\<@]`}\0z)Ӽ(-2,	j㏇ggVz|XA4H\" jiHgE|2O\"V	bl7ϓ2E\\WerD%\\x%pVfm295uҬ!:mFc3C(f`jOh:r,t/q[0lgڃU\n?s}w\r^*x*#kgn\r`IH\"̖v2ûvrQFvۈoh6p	÷*F󚒔ti͸S$`O56Lv[	ggYt9TRc3E-(Ӊ0tPq}y00t.\\N\":☭tV\'D,n fJvC͙erD%E`h{Tj~q9H,r-Q~U\"f6lּ]j\\O10MD>vtuuLGMY{&p#vnw0	jB\\\"SI]F_	| |j30;LpX{mM7;kZ^{m\ZCm=D.X\r2O\nerD(p&z͙k!)EDY#:P1IAare\0uلγD]Mf3E-cFi{\\9f$tvalC. jiHgE|2O\"V	bl\\eF4erD%ɅR\"\"vfӼruL?mIaܳ`0rx>f`r5XqʐE7Z/=~\n⏫\\9\"EZL}_ϝKo&p}ϢFpoC!uF$&C)Wl[wPdJsnm/\\\np*Yz7Ó0|nfOiu:\"ji6W:Py✙O^8j+715&t=An273NN;&mĘn%PierqVKC:+\ny\"yJE]7Ejm9D\\ױoz;9$\nY:\"<sZ-5\ZY/k)\'SfPC\rS;g~fx[Yx+㴕!|ncǦcO?2ˤW5*w.qI/<S$eynY>p<7஻n޳VPS硫E1ѣG\'t\Zcs uYγVd]aPc|ft2I8f!<[%٢nŰH:e	e;nw\'u8#&[/_	3}\Zi&W*.	7$9nx}ƹ0^1ӁZOxnO=\0{ٚȪeeɚQ-o0̎1W6sN/߲\'^]w7\ZG^5%Y*K񚨃Fh/#e;Η~$dKW]LɎ`p>}46K},Po]ǝHr98W.RU<;{ oEV!d}C@ҐΊdEޭlQ{aKϑuDj\rܝ]]p;#MDVFb)]TvͿ*ΟKꔦGS+ASfΆFҳX,c)ps? !0>t_5Oa%Q*ۃC)(=x^Z˻nph\'|ümw{Mw6JԦE-\r2O|n4њ<I?FիЖ(k$QJZΜo5l(ꠏ@I[iCh6IBt1[-\r(OX*AuO|Z65Dim=tqA\"R\"v]wůbɧsN& =BKЧLC2Z.\rRk6X2!]d5M;&oGL\0y%5=CD/#l}\0\"Òü-{g{5-c`)5u\"\n&mHq4\Z/e`PYHW6T]<;{ oEV!dDqVKC:+\ny\"yJݷc<vCԖEv_q9}TОd\n!ʨc,(޽\09h\"h2\rɈjӲ:p+ͅ\nP;\'0gw\\gE~esrM0>L֌2lY{0Lhwg3	Y.|}az+p[__nkRhd,9s`iڀL^\ZJvW&{J$l```ذX\r`oEBG*!4Yv@>f3:$qA@ҐΊdEޭl<~1w|SU67DYD*p;PºP &Ӑ;-j*xEyRL;LFlSrM}(&}ۃGCgǗ)NQJ6Ak`|_sτG$==d,iQgTV:)\"	]YDMfVWcgJvGѬmW6c:8Tq{Зh9οHhd܁|tV$m\"ٌN&	n\\dl4p>\'bw!];fO;hpL8j^V87DYD%B\r^5	5\r#հh=٦F00~Y0`:Iο=Qt42?pouoK)|,[N8ATUXN;ת8T%AnIpdy4e\Z\':pX7ep8mtc\'aʌ`̄ݍ\0\'ʰ	,;ـΊC!4$!:☭tV\'D,n d{</͏|\n\"+D%B\r^5	5\r pkp>ğzXzɦ%`a|d?Qf<S/cQvmpi?pU;r?>guudգ/\\ݪ)٫QAߤG#y@\']Z3O\'ƏN}yچX^\'2<ĈaފFȇl@gEV!d\r8f!<[%Ȋvo^OJUX}څiC\Z¹!ȏ[}ԁ[کI_1)%^\\C0\Z9t6\\\n֯^ef	~0yeٲ>dZΘyٱe60{~ҤB׶5\r|eߑ.[رjPi^\ryVTd,5k\Z\rF~[%(X?Z@3~-o840uR:;B6@EL׉ Hhd܁|tV$m\"ٌN&	!l4p>\'bwRȟZط=*bui\'\Z\r])FJ\"+#?rєS|cRK&a4ð;Hc[d~OQ*&M:IJGzg42f,PXڼ!zZo$n~ܪ*Hd!M*yc`3\'}L1TR|	g i1:mEoEBGCh6\"i+|ft2I8f!<[%`gnǿe61uKT:7DYu\\4%-A$/rLzzoI@!mn\rٹ< tcc[~O?nTNc`Y=\n쁭|vD>~]XerY\'\r$0$7LzIp̅C5jm ^3DX\'RDGރ5[r\rHJ;D BLC. jiHgE|2O\"V	PԮե](O8|u\\ҹ!ȗ\\%wжօb44dD\\iY\rܮa\rCwWi#->=l6qeNcaxeݮL)ۿ$nΥj9RYbD5B\\hFc&Mߔ5lRAu*8/_6^䔯ۧ0s`ӡĥoMO	Q/-=$r F\rV$t4\\@>f:+ȇlF\'cZ\ZYQ8ȻU};{niKF.4\Z}a̴\\ҹ!ȗ\\8%-A$/ؗN*%^\\C0MqLQ^y{Nغ\\>r0~1f~<-`k+aΝ6H7o`X~Ji~FFCϮGk\r.=WMJ|\\),iQA0k(:u0z\Zd\n7k_K,V)aB\'-0r(Ji G9ޖ/B#O2+GHAzroEBG#Ch6\"i+|ft2I8d{h~1`+?A\Zk+#PXBXÕ=EDO^.QAdeK.uvjK\'zoI@!m#/=z\'8Q}IgǟzF۫?۷`nGQ9IPJ#+\nGaݎrK0ĿݶnJ_RI_c8q$Kdi!w\nا\\f8w@gp2?Q\n{m	VHO8l8qU)`-y?-B2$D{ȓGރ9[Dw\rHJ;D BLC. F[n_/>+׺^Gh[\r#VG,5+gm\ZAGP6h#̹\Z괗ST<7DYu9oyԁ[کI_/TrMr\rid8.O^=|,_$̿.8x6_7ti?pK\nH+MjK\ragUBJwٛ4x<}?.U=f\"ٌW6޾nr!t]|4iR!!ꥅ޳GdV<`!ފFȇl@gEV!drJ|`ط{?l\\,ZkEMK\r[Vbhn>OC潜!ȟ	\\yԁ[کI_/T轹E&aN&(\"{оĭej|`7R\r^}Ҥ^h67I03Z\0ڔv\'xo7}\":Uu~;\ZÇÖ5aSo+_Q07ԛ0B*lYffЭw\Z.\rz[K2H4rq>.\ZwMiNVd,)_Osl*W5ӟK^A iqkրx+ȇlF\'޿g?l]V\0VR\'aSQKTS.=\"q|~!,~J:ew3Vˈ?)%ep`غaܺb2[7uAޫG\Z+>	O+͛.v64Mj۰o8rXrIZCK[)\rAl,,[S(CHh܁|tV$m\"Y>rvnk_}^[2l|mV3<saܫ)JȁN7ѿ7نg 9b,%ڋXIge\r{;aհf2Xrlܰ=;܋/S:pc+yly-^=a.Jfax	˷;7b\rpVrZK{Ղ_Q\n]&(,%I~ډ?&au!V$t4\\@>f:+ȧQk>@l\'gGjМP2p|vu;A`,#~Xԁ[Ae_):oS#+#rK^wvm[׭5Wů;T\rTbm7>.JΘ5uVZzów}ROQidf><p(_I\r`0|B57;rcr6-J6j,wÆUb~ay63iȦv}5k@I[it]s+^|V-5GkK\Zɉ\"%.d6u(ǣTUW{nT+]#v)YLyA4υ|77^ڿwlݸ6.{-yUmuu_*(M&p[G?SԼ$n>d+A&a߄m6iD\\[cܚݰ?UG{ԚgΕ\Z%/_O罅R\nVYnrhoEBG#Ch6\"i;-7U+yOAo\rYYK֙|yR\r硫#~Xͻਜ਼M!V~ F~!S\";_{\r0\"GG96o-kW\0եJo<`@ }6&ٱ),Ҧy	?ouԙ$@eK^۶ì.!CMTa`M+}]K]|xPJ5;H^\0~xP8Ww>/|DӁ[¹QMP<\'Y*Ka߂vI0!f?axiȦvr5k@p㷮Q\ZcSTd7t7Q$mYn<|Hyq0IYH\'Aj#~X[e\0>tHC=i_>YT{v-W^U\nz\n6hQ9Guyɑu#_!	缞OrYz9Fp?oco{~Րn\n^3p#aՊs>z`fȟ߀	wO-w\'s&﷛9\Z}~an~XȭC7l9ۋ\"d#r_Q;/-Go~\0n,}%2\\)Wap~6oTᱛb6bp/~~?%gѿ1FEGZ\rwW5d̛6|7\\,X@eK/|w(kWVG\\ߧT\"_\09<\"E@>f:+\Z_\0<I)9/Nvȓ$4eS0GL*{J3N]Ȗe5?w\0矢@ݶC~ڹMs\Z|)aAC՛\'}xe3r\"غ)y9ýuHR,_sY\Zͦ%8yaX%8C.%eZ=<\0̻mItK%O?\nCè񓠣z\niq\ZL=\r^9\'F	fUE^o02j*Zwq4\nYL;tj v6om;?\'o[r,Z_\n3@pXEuQ\r\\mk2c:X+*5ٺ3h+h;!}/~N)S_o~?,d5pI\'Cy\ru6b\'IpM7Q94Gѳ>Tc3)Yg͘C*\'qs8td(ܶ֭K_^zNxO=\r<|%lݲ\rvl-g\nC:ɋI*d]].2CI_LZskc^>^uqmv3Ntw w:i%ݺ58n\\cH|޳y\ZRYD\nQ}E2ٳk7|Y8E;wux_H)B^ɽwK^j:|Xz\\yxitvvW\rgYtx8#M]\Z|[N<D;w.IC7X@)BVdMgv?a96lmGiqzذ5XqilUL2]+8ElAؼRx\"7w:jy\'e eEhS;W+hc*w</ga4zm#\\\r\nGvAB9q)݆t9p[\nde$(Ӷm\0xe_׌\r(E{#b+ܘ	EdC;>[0܋PIR	.N*J??L֋L:2fmg]0i,rz l:9z\rֶ9ovn5뙱v+x\Zq6:7yvǹ\ZA×7|diA{\0q޾e,}q)s_G_~\'ԃ8doko[iY0B1!H[f}aNojظˊ.[k@|rc$9},S-M_Ny\ZH^L+~jޗ}=l=ν|y᭞U	#R\';{<~7v3=+n}k?o`/}F{!pwTu5fqI픦6{IiR$P2	^ڵ$!snJIƳw0ye9FZSCU]7W\r>ymKOMW,vػT&!dPu?}jwX#!߀7ڱ/x	~wopO~Akdϋ]|8AkUcGEF!6{90ߖrKUD\rj_P[GA8VWTSmF\'?[:!dU\'GѠk\0\rJ͋][\r9$Y4_\0,xk7~ay}ѮFV[\'{8pu?Tch(p{উyԯq`Xrw{x_Ue-71x	w_[\n⪃~M<o$H{-oQVE+_w{A̿XUG\'=X2aNi7:T\"{_0he֪KpmMMک÷~?æUkX}Rj@ukQ\Z哇_6J5?հ=O=~o_k?uFC+\rֆVN! 5R5zfcY2Vc\r̴K\ZV~A5bXݥ\rJڗFqԨlMYok[n?4,\nkݪCG\ro\\>)M]./\'<h|8\\[U^yi%u	a̧\0KYՀ[te+C~p	*ؙi*\n^J!gv<?5DcH/8+ذvW:5ڣfPrŦ˙zU~ ޲~q}foYG/q\"^.RQ:pr<K~\n?_c#\'3a/eFU[\n癀_,#|]oηn[\Z\\&ϬnwDس{?l\\Rq4ƛ	o^33HtuQV	|\"YhX	ei۫HĚl72].|_6~Et޼j6peظVj^`*1hf}3\nH@Ba6p=(oE~qa(,F!\'NKz\\\"Z\rvn62?\0#opz{֚PJڋ\\i<:\n7nNl߰8	iChl_x|\r_.`ǭ,ymq=Z|zd\nC[zQx+b4IEٜT)>v9\ZmXw:5,NilQAzR|9U\"yZ/\ZUb|՘N-+!w3w&}ytY\nW#49p2ٹ\r,{z/<0qAӢ9t!2#,.5~֯C(V10`K^\nNp\"viaQEBƯ@l5HbHg]پmjkZ7R=등wp-7SJoᦕ<J\\=r#[ 3!bN_|L=k\"dQ·֛tqۄ^O\rV.Fc244bb=֟w9T=\0%?zXj%VFy)5$\ZUL{a\rgLUYgz}٬\nB½ciEULfYM*kL#02$|o:KU!gkO+8t\0ߺEQ+?硺#Q2f,\'i\Zq^4^t1׭\"Vٗ</7%wݯ?t(U54	f\"Rz{sLؽu3,x|yHv .^tãDtM~;wq#;}sHu}WQ\')?lw:sUWUϔ9gF2yJW1+,\rzy_xbʌ1l71ຕzڴq\rݠVnySڸjY;@[(ʁ]YuH,\'NL\\5ؽ};qMJ)A[b:OsR5$g 5ٕ3,MSOh%)U`Kz6HNhdʂArEkc`>&$Mƿѝ?۶{tD1رf9zǰeF[nM0f}ه4<J`~k\Z|Êlc_BucpoWCuo.9Nͥ\0*RW鯬];vcR=VSwn*8F4#qّCpgux:\n45K0/?z,y9J5|#$mm\\t\n08턮]lLmRQYEKJkV=/G͠^:_!6h|\Z[\nxB%۵p dODi`,\'n{p@\rML4=஻T\Zۡɑxg}*xo^IڃGNu^f]|r_1\rňf]t<?>F4<_yJ|@WGV\nΪVer̸mjЈ##B<jC\"b#!XČ%]].P\rUQ/<OA@\"hg_g@H,lcL\"p~zAJﷳ,\r|3}?&,y4Wy߅%ϻv`|پRT`_Vfwۻ$Ρ VterW~9HFQ7.YaMC{{Mk6h=\ny\ZٶasOŃXC\Zqc3[?VcTZ1w_GŖ?TuoWe6ROef&M*kL#Biƍ)z\rgM%nCNSĎoef1bԨ) >(vgdYc1ckNigneGx_i_ӵ!#v@x=יּp}Q*dFhrɐAw~l^?\n7}o_ؘշJd[-\'1vq\"ƋM\":zS!h}ȶy:Cpu:Km~(h\0u\rx[]]]^xy/{/#[Y\rkŻ+¨csHիeOm=0_oWü[~jxmn-sLHu]Ǎ{)~ 5c߾+WPxLDz	6X^0\r7F?>O<MkOזֵ`W\r.9plRmН	ns֣Yt C*&vB2$a4\"S5)g6_ˮ4LytHQF0Qg[~S,cɤuGyH_؆[Ƈ8k/yF-6m@g8WY+=Gtq+?ABs2ș+=Vضyk^rnyR9Q7}6<*XV4A&6W_q=:\Z=UxmŊLQ׉f^IIH\"̖\'zIs`0u։j\0ǊEU1Pپ6\\\n_]{vW{Α^q05 =7	Kdz~XqtY??%ؑ\rSJaLM#&R<N3fi!Qk\Zl\'\nj!vBgEu+SoMFc{0jxra)X	0	Ol@e᎟G:3A6`ZS<(geWN+!R7^\'O?!*vfdD,rouKk.Nǲ#swqp{4W#9deOf50؊[]]1yr&^\\?SadF׾5cf5dBMeT#pQ[B%[/ϴ(OA2[և<\Z\n#NQJz\ne|a\nwկs5\07U6#½RP7;<|\\KY&Z\ra\rU4@%Ut:x=gmAM8OT9Tu\nD~n#tu[?a7aINXX\n#(=d67EZGL]\'9}WҶTrT8msGw7!Ig4{23ٳTA\'1pjvYȉ6y[ܪ۽iʳ5ՐuЇ7aCT8wHf~`	{(vpuๆל6Qx de}eB%DSAQn#DRO(Su/jw$=4Ioz3fXd2qtG?pN6=WalL\rteKI#E$ƌ6Lز!xFaO늙Fm酷\"8~FLٻ;7/bc<=.\\cAR>Z!9\"V{h{%lׄ@x%\Z,A!\rbl1+މQ]GTmUlS3Kmn;\'}TV?72VUbD\'NH\\uز1r36)Ii|rB곗&L=&8R=s.TGh:de8\'?&0$=3gbٱAGQҳ:aa>pTAt6\r*_R>m\Z\"F/ğ|yMޖVn=9dz}D\"22\r\r\"aTe?N}<q}GmA޼S]VJfyA3тܜ!ox3q׽2\Zj~YI^1sTQP+P,mB.R.R+ir%dB} 54:STw6p`f涌LYa4wا+Yt>/KQ}̂}b%l[֮dC>h+Z&]|D^2qٔh\"7dU1\0i1{&M׈؟[pѮ8M,k`j:(޸qZCB݉Q!#M59{Ry\0WfG0M;LsОΩ\"GA-50֭XI\\u@5};-2_\'}>qi\'I\\Vrl28wK}=<uG+Ud]P)1T8uѣ8W6Zp6	ʜWerjj@5Fv	joy0p7rGy\\	3TMR1݂Yݽz-bg&󝡡o\0\'WYT=>g|dsJ(^r&c`vCGa)F.;گbŸɓwwtvPjvc.7+h5Wtyͷ/#dّ;<Xؘ=/P*\\N]&gpIkq3⽐-fOg?\Z lٷ>*\\3\\uޯJw&ˮ}Sx/a]r<{6<V\'?0}gȺ{T$\Zfc.\nIu!P4-3$9GKD[Ax\\zw;l[OrLL-9\0;~\\Yum(Tau.,ASG&ic8RΏ1j|}N1.fjC?ib7\\lqp&v}eJ/`Sry\')r_\n	N\ZŅ,uӧSG.poUMG,y)69Q:]luO\rmE\'ٳ}q\nvVVڤKQ\\a|TCGV{oAo#;Ep|##xe\"d^vz.ʞ0H!壩5)iэL<ˍ3͛G)ۡa[!-֓O&`\rL>\r\"}\'֮j_sk6puy\r67ĵ|;Dڂ/+dur|W߀WEh!h7T7q\nˢZQn	yUCg\\#H,rA0zos.#	V9]LÖ)+dY\ZǾ~Yc/fb(_Q^=Gr&k+eh\0f)3ӏacyCћ=\n62ׄ@A\05M2چʦ]qn=$-t_u.^\rpUl65\nL폁UP\0ضˠ(c!-\"߷8̬IiD(#͸q ETtPJNS$u7q`udYubjq_CS]dmc:\"N;cۜoPrU{\\4?.iO-i>`qCXGI\\uQ_Mz6};/X_. QdLN6 uJa3蘫\npY-TTo+##Yv$^}*1ir/p.3Ze\'xlp̖%?U)3^QC@lٷ>f\n.	S}>츋&\rV{!Kܔ=RA?VA#VCW`zrxT$b˛*kKrޥTEs%&]CH?,hZ h\r9GKE(~)`.XeJ9w6peMT0\"lB,.h7ه44ĖM[s(W6u,{w߁!qj۹9+qVk굃[\r}5#5GSڍpUR(sG^$>w(hk̇rT!\nO	ʚ0b,x6VKb\rG\"#缤ݽziNqU,e.:Qu5*p\Z$:LeY\nux\\y\Z6GnjlE*=PWl߅f>RHm	e_.\Z|{ pܷ8Lgug>VnuVu[/P^uCuצ=ܺ;m{/5u`\\\\ ~u}rˁD}MX\"թ H==T݋]I	yU#:,\Zk5tعs\'l}^^\rpN6=};-TYum֧++]J\Z~eiq=R\Z\Zw#AZV±ٶE~l#mX\nqmkV¾r{q3aY+{/REb(R1H׫y^\r頔%\'&L;۷OO|fpnP;c*6=#|R~$=Vxd=)ٺ϶UxC,d{EYaZi:p/80uk=z\Zk?O\\Ah:dev|#HzI:jg`	M-ɡ	<l)qUC}0K-kC:;QͣGn~~,BÛ[!+`Il1oY2\Z-}c8XBC6-11.~۵ֽ/׵;ú(mAEfd߃`u*J@D֧fO@(_(Iu5k<1)~kK]=S>ҧAhq2O$v\\d\0(6s>-5tYQD/i{(7D,ؗ\\	գ\nA[J7V>esP$^|zM}]\ZVBf_|z}84y\0R.*pD:ŕ,\Z|s0#g\\)ceEeh۷0[lA\0&Hc0;̖ޖnvJF!iڲZȲyFH=,Z΃;`&|{ծ{SDcmC\Zdc36NGܶ{$=i#[SJ6<53Eh]xMJԡk̝jj@$+|\r:[R@\\*of\"p4J5[Q0벻WE0e,S*\'w6eg\ZĲhKׄ;v</<wmZw-ApDak={|ۆԃfĚvPjvc͡]M\ZgHOCc`\r cwt;Ŏ;&A/x/drҐ<g%~h!Qo}T`fz)\'{Q\r:a[MpiW*+wnL{6E?\Ze`al,=sϯaƞyc;I4	)51cDWtiEjI=\"iݐIT>b^&\nԳeεLG	˗/\'ܻ\0	\0lO?]xC\re*,Yߥ%48\'*Cab\"l_B5[{;z?h79,\Zj8x\0<~-m?@7\n\\kqj}k鯔6e:&o$ks\ZŅYYir堩Y9/eV=ЪJ75d}Zb_;L+m2Zn^\"/7阯*οWl^{޼|<s{\ne\"v|#7\0˞}F矇	rbs]|PD2DrGD](t-=aP}~)qU1|$5!M`twwwY&7[Or>Ȃ5\Z\0lrl)]äD^owyHYau |W?	O.:y#<{ѠhAo}ߞQqǿ-7ޝI\Zl+x6Q_X\nVr!fR@9TSY)9U>H?y>K#06F^}UPЁ;rΑf\ZLYa${/XMn̗C|~Y>_3hfͶ\"G\rdJ7	)c7^/+\\\0ߧвyã?.lZ>H{VY$3}-ׯ~cx;aώ8\'5taղ$mއ}]vu\0)y]գYf`=ւ\0T.S½V6>9{vn,w,^J_t)(pݟ*VaXړ:2L \"ɾh\0Ej-EUbhv:hFI*L4|If:?qu޶fiW-|JQ{OK2Xɱ|vND&S,;#?W<\n>߸j%,zz߻UOtY/Q2f/a	@j5:6CHjokEWY$hPkH3LpWwܣz~t;`MIf5i\nM\ng\"QFi$\"C\"j245gE{dG~e$@Ikp\rcՊѾU \nRT%$˜Z3̣\'\"@mRa<}]署ZKY62ڵ荽TVCD_\Z\nM;`߮7z8\rwXIdn\\\Z0zy嘦G`+gN̓9ƌ8#ٺi1мvdg\r \\_Lhٻ;<1ҊxɌFSFhl,B9q||jp#lS㟽x{D}\\5[P{y%~NrA`2ΈĤ3`(a=4c4G}H}9n}f>ብqp8<vxtZCqЄ!\"Z_,;$NsDro}T`_x499)sJ\nt\"۟4\\uq٠2(w^يS$]&\'8/\';0Ho\\6\0	D.Mλ`P&դ˛Z\Z.w߇2Rnx2\'龡#|ļ4Ζ-L=˖=͵*EYn%2sI9\0;tFk8;e\\MmYߥA)%e&aĘ1ĥ`\Z+Emݓl Cq96i!pO7zlbe55_99>oWKD漉ܡ|(NQ$տhǍoMS^c3)	G,yI-(3{`&b=U<Sf%UmՒJV|$}A+y)5@Itpjy&/\'aBvyP(?g2KdČl\Z9Ѣr,1Ndb#j	n_AswᗑWC-Uer-98㎳&w\ZM$Lgu=T1MLv1\rq\'\'.\0\rtÀGS3:o>VoωOΥ<(\"\\o#!XČ%M*Iu]#Hս5)I_g[FCa@5[<zS\'m4]*ζoe05$ƺ6VD.p.˕8\ny\"\'ڕWOD\\\\fjr#}9@Flܥ>ި~[Nܽ+ymCyEXmLc,=qnSOA\0T.SҽXC:\'qnߢ=ȑmuP~bw xd=]*CKK4ǃU{vMנM&4>xp\Z~Ҷ5RM̎oP:9#F\'?ѲY_Qҳ:aa>Q$x4e*|?*e=_E=aW5~m)#$kCPEO0\n~}Ka\'C~\\[!+Ʉl1oY2\Z-}c8EXSϘ$ǟr*tuuQG.~۠.-̙,;:_(ϰg)y6RQhUL/>_\nzkg,D%TpLH&*]LQC:\06\r\\-٧.u0\nPđ<~Ycu<.ep\rCt>v,|Ot<FxQomE2\Z߃4bl)cc`Cts3칓+YEɱZ5uPz\\;L<E+;$m3ʎ:#6joaL02#\"Yqh>d4[I	4Lvi\"硚k=]8\\\"}Zh!d:Ri\0oUA΢T{0{7?&ոr2	\Z8݀c36NG;(VW}igJ6e{8(?{j7Sal9#sru.81ʹS55ul9Fa&\rfPfs+\nf]v$hGL>;CY#lK*cx^ۃ6sh7BPsU7\\qopL΋]&gT5ЫDUΑ 47\'+\'fD!	dHa*	mmڌ!F[ʜshnr./#drt9\n;v\' ՊMԆZ>]4$b_a|@\r)Dk2|i1L]jbL1.Jo~(U7Xw֦Yr7앭0e.D\')^/	Hx٘DIEs3:)31~7|^fM*BCC\'1%aSYi2ǃͥA-8ȿA\'XB\rF^h	HwH]^S3D(34(\\Tx:֌)̐=Qۤ6\'w\ZܴkbO\"\\3M*[z?{cfFrd!u=\"i+&y2a4gشvmګڮF\\uId(i_Ϟ)^<J/:ƣn<2vN?1xQ\';\\e?HXw<\Z6ĳ\rQ&mȐ5W\"dR.q9i$5v,Lv6&N`\n#UT9\\1,s\0{A2z)ǣ}-\\+RQ2lY{0L1>w5;[\ZW;ng-4C>D>_>-\ZH4lo?8;\n=\nK}JJyC&`ɯX\0./q`>9	\rOWx*S()ÕIe2d#䆱jONu<\'\rуO(R3K·ym66D05yv@ ފC!4k{oͫWի`ӚհwN۬-3}?{<O6Zy;ZNJ,[,xE|5d˼&堐L\"－	cgjf\Z\"Xۮ.1k&L6t2L3Ưq2d}pn*+RfeS*d$2*ayz0Ȱ`\ZAex~\\BuGksȦ%9Oj4l:z|=Γ[+VtE<[ZSu B?(q=] 4DY#:P1\\~#(#&n;\0XԚogK}w`cCXSγV$m\"ٌ({u]L۸5}Ep}sTwXIdn\\f69	<\Z}Lx\\뼤C{d3j7: ewuvZa=PDRjpG=Ypg´9\ZP++㴕!|n<Տ\'Ӣ\\q&q~k~6կQ֧NSyH7*\'vD-l}j\Za#>umn>Z3gg޿4lz\\ۛ;	ZOK\ruOW2R}_OjV>y\nݔ3q.\\~sp)f1-0f!JO8m\'&zD=s*?L99qIy{l~1Q\Z3\Zηg?\\+aIKA\\y	DКN)c./h[49K@9FSwa1;X{R.Io}ѲȾh \0E<\r7p1t(wp{?>\\=~Bzְ80aF`,o96g	{L:q$hQd-\Z\rUb\\_Yw~4Gɘ}Ю.8?7_\nxh>nL<GcBju)B;eNerښ(Y͓L$Un\')J5[iJG4#&󝡡/e}rESX/O5`x?\r͙CLh\r;_>4;oӦW߸J4p<˩MC͛3DF=1$H^9~m+\\?s:?Qp9(E[\\*)\ZeXAٙ͠CnVtfP܌|-_,;Nmg?\Z lٷ>*xEp\n.E0q|ȉS̷߇.z94\\&g|鯿c&;s)hsOɓ5BSLn~s.yE\"VWfc\nsϚ߆+~p^GcSgx	d(3hIT>b^Rl#%ng3k|&?*TpT0m9tl89e\\M7Vh~KC\'SJRwl_27?p[O}7Om??wlXp[zflMi#LliX3	oO]O7FM/9%2M\\|/0	NQ\\xE7sO?4`Vv,5/-!`f{$dʬ\\txZ8=.\'}Xg1A<GČN\'KȖs]bU_p\nƍcC&{[4}p\\l SҴ[Ĩ#4\r&~pYgu=c?S}41U|rR}~0jhj=\")4r&w(h{\\ʲPx)HH?J5tM|TF5%$U3GjYꑼDl|tاDX>]Y4S|ᗥ>fr,v׽#0nʱq}M7̜|4b\06Ƈ{DR,թ^nKVo-8ǉ9N8&buQT({ݑWx\0`WHy`;87mh$ocr}~]NK*\ns#_2=σ?J\r5)fIN`BXy[u]\"tW=nZqڬ9DWJu\r%DdEKTQCo\0>FXpkW]\"ϼF[c&uv\0lX>:ӗ9l9w^IQa4_:>pU>8\Z\nȲBI@LQUܾaEti:HKjCvkDD6i\n8LiȱŽ{w{ϼ},s.~\'\"ar]d\\hrFUϽgsr]\"RϢ\r]>vټΐ`50\r3#t5JmӤ*atkyv\r\"wڶFm\0Y߿\08vGkdYAfxO{׺3/=qT_KS%!T㉧̅\'U\r?gݸD>\\,aƅ$+_@GFw5T;EZ|,Rj94+NU59 l}9܏zscIg;>\"gnk \ZuԹ{K˷\ZNEY\"u;I\'I\'iuN<e|?Wrm%`DD9x@C62~~1H%\")h\'X}{z	ѳWl#M1I4ݙhAhlh+|0{xQxSacg-ۏ+lDc|yN+1SBgi`0ӦO?p3\\~ӻOV׮ *Ys練 B!].[IGq&f3t#c˙S-&_*_&O5 /W^|p)g!ϣ:`aE\'>\r~s\"tuP_6W99*	ɀ}GSgP\nre(|Z؏#dC|?km3lc\ZJ,17rTR^w&UI.j%\rQ\ZuI?6QV8Kl\'].sBh}\n\n>w\\xXі50	;w\"Nԡ]$~#G}zGDI\nJUKv&y<;\0\"FxRB39`uW#2n\\FZq&KTl;SȺs\"*tW]FG5bG϶/{s%*(CFSι=G+dot8:Lh1:-IG\\/ѲNd}aނ%\'*Dl`)-GR<Q(ɾ@*ʆ	ܾEkx	н c1:rE{[\'Nz`PDhҎX_*(c̀sn7>Al͸pQʰLaniV	:\Z5Up!nE`ǡPyeglw>3Ày[,vM 4ʈL֭SttWKtTFA0Qa\r;Rn>}JiCbeaD/aK̂ni=6Df߹\rg_~)M0\nqg6\rKmY<Uǩ@=q=FNɳ=1xI/[>MIzzds\"۪KiR환>vk,ɔۡeJ\":\0.8[ٶ 7,AeR@ƍX5zǣT\rdy.4<T-p`68{@cAh<X/ ٧\\~\rfGO8 rXAч%erҕ9E$Qu\nޮDhvB}\\\"*j#)d)\Z\rI豊#B\r}͔̓?_}*g5\\+B-X6|eUb<驄()qufm^vl2S\rW;|tE3lƗ-fuȇsTi9zfC ڰޟþ]Y+7+\\RiSaaʜa䤩(f1Nҕ\\̰xF[aÛ\0[$\rvĚV4nh\ZSźn1n/9$hܓ_ǌBæ6AH\Z7fT*5G3=;Z[a7aMk6hga \nxg;WvL\\Y)Y.\'2n*(\nP[xyIR>(FWխH+wS;PK$l\r)\Z`\\{|d	ܿyq?<#mvH	F7pVTlI&.JUaG\rJ#S#;\"R%<\Z=\r[^FHɔ\rS%8Y$4*ufH5[aܔɆ`Sȴ=!mX`cַ֩nAGӏ\'_Aavd/$hn7R\0)\rfD2\ZL#N\Z1nKKc65a6g|ź߫dDDCdGkZ\Zfϟg\">ھօ5F!׍æ1+I}TxJ>ӓ@n+[K*6Puچ\nA`qu2堲2q@ǒHGXÆK)Bʘ\Z\\ۖm/\"bʮ+|\ZBxI8-ea$<\"ni\nY)˭Qφ,Z.בܿ-DVnV5_\rL.*.ͺymЂD}pL֍6ԩ\"HeA?\r,1y\"%RV|$!\"x`Ii	*edo\Z:l	(ƭ+%\0\n民#aʬpYCͨfct%\'3,9^&AèԮ\0Rz	`ʜS`x1\ZXw(T\rn^[Wzu}4eruQFe3iil	\Z0#5Ǣ)cNƍLȣǣTy%5k`\rRQ^Hk)޳QQpğL92q@A2sWw}rq6\"T#\Z\\ۖÛjH\"rN\\oW\"qr)61\nq;\rm#$%7z\\#N\\Qf`VKKdER|,kd1bm@#T%aGʭӧO)q\r˷_[b&\\$eȋNʡ\rK+Osu,aL3][XCakid(..\0gb).^N8&̞Oh=QHOfXrLF[aӛ/C)vNO=[iLuL<Uߵ6Ԗy/9ȸ:Dnuutip9gCUM\rKXkRaSƘqFاD$w8YvJso%13*f	\nPV-μ`ʉԼ`z9\\@Mޚhx^ѼSέ[AVazפm뢾:\\m4$A6X9^<w6C	܏Cp)06*UL.Sm.M((glȄƎ.\'\\y:$+>A4AJ	T󙪕?twW3łK(F.s̆0\0o|=B\"lj}Q&]#%SCFN?_\0Iẓ\\̰xY@V=}{}P.1fXe\Z붙xrba7]汜nP\n?͖)R)d>b8vpy0vGV)cLBҸASt$vFXvTT%.<2Um}qUWi_UFG\0s\"|#S4<;XYEDL9qvha;$aഔ@):;6ہm[-gg⭍P߬ew̜I$YLJiʘͺymPD}IPRu)\re-<*Y9:H`b@XV|$pﶏK=(l^N-lmDY}T4q\'cKW)<m<|Te\'=QHOfXrLFܬ`pVW{+l[!5%_Fk)	\'~;\Z6Sc6OnhܿxQhind[E\\&?Ĺp)\'^Qeݼ	?ھS-H\Z)iѨcw]s/R1$2q@͉#1VHܪo%nqm[~%#r]oW\"˱l$$$#1\r@~˭QþFv\\(,p Bvz\ȓa#ӧVy!Cز0\"͗U%E[,Ѫu\nU$ɉ\'3Q	#i\'9zf#δ3OҪRvqX!\'Jv+eҎa~)C3a/iqBr}2e4f#I~Vݰ\nm\nI_Î`\'_tLs*\\AuL<@(w+\Zeqת^oF$ǌN\'z.\"S>B:l4nT,G)׽:,{5ؿO1| 69NQ?e9D:r\Zcl4xN#mt7\nSv[Vmڰyܧ)FDSȘ\rR4\Z rD!-puϟX\r\r\ry>yZE]&G\'Ғب:D9	)T`ҼU~̑k4\"b(՘0q,Qam2uKr	X/컰1/.g\\y=L}\"&2h=r=o]8Y|&&N,_?\n|#pؠϱe*O?xb.|\rEwLr|SvviOBH\rnЎ!I&\n_@H]9I]SOOX`\r*+^$uVT6XnEM\"D647CS#FEaߎ;7uϹ:/\0L9o\0;0aLǔJ֐[s(!YOzq\\kO\\~{`YG/u޼{CxF㡃D,*x\"7\\a@[GFn*)TtvD+\"hY]Z!t6kned^zub۠>}Unu4j6$6z[VF,<)	=3YEr}pe2Ti+9zf.IL.er.Ak`elP\\fzfOaydV&A#nV0tm>fm-M\nZSϑOK$٥Ԁ\\uɭ̄{l^v<{3qQ+h1yȮ^Q]kϽ\0v7d|DdQ[ƕ:#uS=22G_V2G<,nD8NA\\Jd9iJ%}\":\rpAF*	=V](7~Z]I¡a@,\\0kVKJdɇXXS	tAEm-Q*iڼ$H:eѧTJD9\r˷_hh.kDr8zLR%\'ZrP	#i+9zjP1_Ϣ`YꛮIqeyY3O/^S)!#C2	\Zqmca\\Az:TB廊ya1^Q5Ҭz\"p?s#s.kyDq;f;zE}X\03uSy[mv7n	[cGUɄ|\\a#6D)۵Ac[1|eg2v?U\'V;CQ9!`p\'hth#M1[gUkĜp9)F)=5@6$:ǝc.VʅO¢/^T~+>w{2hxP*{K=	nk\\Ⱦs\r/`X6Vԝ]cyfPN2<L<X$RGƖ3al҄[S=:pGv~TJB-M2.+x<Uo7ggE\\-EvqM\'М0o d>vhÙ\"eNU|ڴuk	mCԶFj]M(_H>]COE6VG*DFy]_\0shk\\ao/p׿gp}N#qY¾\"[!!uM@jpUJUZ}H}sl]?yQ~qƎ\'iHd!Kb\n~3Ub.?o	WI[C`|V)LΝ$pS}߳^aTo=ס.zB|j=9$Y/ɾ@_iݡfX`եr4KE$`II`U/\rQ:֯ma#V.z|9u{eH:b2;xI{wmX+%/@Q\nYc˚p<,46f]@Գ2<T]ۙ7\'PĴ5qWo.=nl]H6(AFحKrVw!1+:K\nJ?pi=MK\"U1][?ؐpĐ̮/DSL샲Ҡ\'˄0Ǖ#7귫u?X:7CXv̚5K&p\Zk0ZҒسsKgUR(M歄&S?aM\'zBB7!ۣd|`ƣۓ\'U\0l[\ZKWæoߖ)(r/<aZ⦯oDu*UCƫnSᐍ,o)dN4\'|d455g~4#нH~>RGD#:Yt6]Y쯁!?\"8gL\n-^~]ֱ\nYg\0 Xm`\ryW\rkͰꉁ$ƃvDψBfE6J[stmṁζz\rܝG<}R%qÖw<bɉP\n`{q\\enC>תV|r}h\0vS^}ʿU*0HY6M9?w[+fe𻴵,R/_~\\A\\*l$Y	k^`Tґwsg\r\\xg\'NE66*h$zi\nF?:L\" 5M(w.| x\0wش8I\03+c~vP쁃0xHV\rVKz``$d-,lh|~64++g>K<8;fvNdhx\\rzzWf$4h4W4E.3({fl:FŦGWiQ5j`2q	-z}FVb$&7}(W.R\\=Ė8:hwv˳j@P3z(t\ZQU\"2X{-{~?O`\rǽ\'\"QSad_ɢ !KZw}\08D{z?,Hs\r3G*V`PyΎNJ1?y\"CjsS^sf{|Ӳ`/ xk?}|#6h3j&aGP;jF\rjoX%[LMP^6߰l<vϽ/;b^?K[AqzBAQ/e!d?&\n?>ɏfkG0h?;qOA8g\']r FԑVέ˶Ӳ<;ZR=:>_=aduE9:{{_}JuT&Ϝ8Q׌VA{Ĕ0r.aDgU#nl.κ}oQ\'hKӤ/_a];1d\".c+ֆfKaIIuoWy͆,p\0gu6\"{Թ2w<fY!-C 3H 6i*I?Ŵb״sg[-Dzk*Ef6?[X۟@\"֩Ey8=b(;s<1FM\"/U>ϟ4߻uo|^}ehllvaҚ4	E@_@% }\"8/2#EYƏ3r=|d2@\"%E^#鲡`m%Vob=l2C4kGy,NB:EO~QؿeIz6˱0h$/c>q=\rC\ZvM@X[Mо2U4<ko#x|H+x& , ȅ6Jﵭ#d#Xw9m[\ZIXd)	7[iJX>\"r` 5gگm˭Sr.\0Bb<KKSu%1\"?`uGakz1E\0,8KY R:βE!vĦqo@C֒ᑻ~\n=x+,4$rֵ&)=Q!d$\'Tylh|JW	3.l$Y)}\\AۭEFdN<$PS5gf(|q,ɶ+͍ }drN?چŔn>U1UFgG[,׮_0>\r-мttutAwܯe!Jin:[=S\nn?,<v\rד|\\6;J<P,~q	Eʼ&ƭg#SAdk~7\"vvh,S_ɋZn=WlMǉ6bN\'4)\'	LW\n{Oni(j:~x7?YVGWN[	htnve\0Vk,\"{|vm\\^~	_<aU\"Xב_594~BdC=~igYPRGE\"F^1$+К~c\0?r\nwF޿J:ֽ<&2Jiʘͺy1!`n-ca+Bn5\nbwf)\\r<)	M+I]8r_`#JLyEXY%:˜[qHe%_>:VI`Ę0\ZNV1n4n)% /y!\rr7\niЎ`0A:D\0M]ltb@?O\ng(`45@Kjׂýwȴ\Za=RG%\'khƧð\rO_o\"S$&0\0M5!H)Ǿ+ s|DF@&Ds1\\&*6̙DEnո-˖q87Jd9@߱0ԋh&0\rˈ[i+*w6C`g^N\'6E)&{hb5Ŋ6Z.Zb-!pd$Hu)eU^m0:\Z\"XeAV̉Dy5YbN!$9\"lu	qXZ۴E23nڟ`Ǥw`G0wg\\~-9O)fy[Z\r\"xW+_kjH|;-sg[\'tN;[T^n<r.	\'a_{¡zjrLay4SP!FG59Aڼ\0#<\"gU\"Am8p;z.DWm[7UWi(8NA+Ҷ+j>F!:I֥܆2f$FxkciKwVS?Nȥrpy\\5X}\r,7`hGkĎm\"|NQ A\rt{U~Yh:\ng;A{cDކ\r-$8lgmtϻSgـZ8G&+_|^m<wJ<|YBeG\'4Sg_=(i3ڟ,z\ZcH;!dy|߁`\ZN_i6XRBrQ/\rQ:֯maBFpihEB;uϹĚؓ^.Oggw;t\'^onZ@ş\"pY6zy1z1~aO0>>XEp~#Ե@vU\rFT9yƂ\\hLvlľ2C/}k=\\qSiܶRM`BA	\"FحKrG͜w2V\\Hq \r{I(}_t=N}Py֌a@K^6yS9r4.ϸe+NJDYKuU;x=FԯIAs7{m;K?f6zu%(t`S\\ؼr(}\\9}~\Zԝ,5w\r?r=V=KKbcU+%B4iJH7{Z\rɯ[Kvnmc3?ydg{;aVC_U(Qˀ,κle?d;%2~;]ik\rlߠlyE\Zk&i$p;IvH/Z*{~)ho9\\^T8d#.ИXk\ra܊Jr(@44fys ̘}UCG$AM\"e靑֊#JUڎZddYM4ݙhA۬?9qq f%]&>P(\"kgO=(H7xcpƇeә6>23Éw5+ᙟ\rAQkvZ]F~fxL&-U#l_(P­ٝҚF|n$~pQ\">w,gJH-gv& za~Z>!ܺJ\"\r~f\"M7x4g/}}۷zNm\0\\-r82`%raI|0=c9<҅\ZKG,NRu3La\0\"Xu,C=}`r-IL\Z\"+%ۏ̝{\",])$zi\nۆm*r^CڄrGr^N:\n&ۨu;\np5_Nxpdԯ^!ZpץhÀ=fV;>Uظ\"`?-Ҏ9pgQ.Dd:?cUZV!fW1\0\0IDAT#g\0R5\ZJJ3ZI}W#n&&LiسF7pOfAzAn\n_6*-]\rt\'ڈ=KIzq4 /7h	%X_;w>~\0?\n-WQ`HaS6P[w7\\\rtؒtt(b/\'c֣(8f?A@1YRgjTGܳnȵBFpd9$=,7wڕ=py%LV^p6XRr(ndl:UEH惩C|E+:;!魳%R^s;-	֌ǿqd*8<7Uh;ܪ)쟤N\'8HW.͐\\Ok=DqQamlG]t!\\xw0fz-LM$N۴u!amD:KrLi@]I-#T4on: ʹW{}DL\\R\0VPT.ɜSC.CAD\\fW*`6\nh\ZV/IIm-)flCH̞CYΤoFu!\0a{vRwAhrҼu~#iԯi+lIøFG[Wv\nvnnQMG^&^5!+L%ٳUv}mGp;l~DEf0PuYho\r;\rq\"ooKLnE龑@ELYvPw~3nĤ9캺Ex	k<QH@_9`l&2qi(戳Īu/52w\'f*$&0`FA공QgZwǷ(gY|,^+zj\Z/#6mF$n}n=z͚86ؖ3v`گm˭KB!r]^0SjZ\"=ynMƷ;ʹLμu{˔x]MmWx-12I5:md2Gik%(&YX%T9^yFMTqȻ>까%Ld%49/T;{@sk``Ν;\"p.:7q2mj&mM&1wmXn\Z2cZNS+Hqi~\"8,VE$\\\'K=/-3ZK<ߎRd#G%gv`e`*f>67\'镧i\0\Z2}}\\|Ŕ#1p#&=;\0=N^lܳؼ;ÉYtՁD1\ZMq}*&z\'{_&wӎvC4:A	-_͙/ؒttOxfCk]ڦ\nHȆt2ѓwo\Z>X7$\\!l]3~1-l>=4lTI双	:[Q$Ȧ)Ƒg9;boLi!0:zEB\\ Q8~Lu~ݤ:yNC\"A\'H[Aqa\r^i\n2t .?q6BCl~x#}pWS._x.j%QH˱[H6\nmK_S5MhѓG\Z\Z,8a^L֍&_B,hVI<c[J\rY2l~pqDB)	5<PpWU>ĖIuoW\0\'Ήo,]Y7\Zs[dz9,bcv\nENl\ZJ\nfu1-Μf5=a#j!r0͋˿s{;K`gj>{oÉ[DGoeBr.\"Q[q!\'3&)::0	Z!	3\"\noqFOt RZ:>\n\Zb4u?9k,y;yZ9.j$m7\"o&f\'Mf/n*.S1lHt;\Z_ w\0Wܛ>AZ>Sΐ3N?Oθ6co0Ls Y3Q$wxd9_aɊϰ9:0쎒j@+)XdE|8\n.\rPK#d#Xw?|\rvS@/qnyhfQ{v9(pGaگmmV\0r%\\uKe0mc=b~=0񄓈\r#&LS^3<PUyG_)ⳕ4v\nᵔB$djtڢIb{.$*)l;K86obfOY\ZCHRrFw5T;;w-xጛr@i!*ZzR.PmM&cm_LivsTU5}m,`\'Ͻpo!#4ι.C0bL.y⾙z$Hs SHN@bt$;a\n64ExpU_O)>5<r_ʼ&ƭ$JES~s[pWPΏ6DfKT$VUmĜ(4ˍ*|L!v=F~S0ވSΎnA[	mt猗wlIZMV&hVǤFJOzD/9؈ʪ#t&\nNFi]LhBol/PwӘVPsP;vL6\"5p#>^p6X$RGƖ3_r[,M\"tTxKbxn5U,j\r.bisy7}яN`.2;<q\\})}e%*	:܎A2GKik3(0T`yֱȉD90pi,(bDN\ZRܩ$gx0`ˠۈ́ۏ|UOrfmHKܴ	<ECBX\rع)WУA[˯/;®q~[|3s~:TNjW%)c|El>.zCL\"qq	gRa$ݺQO]qd;MC[1;WJq@Q󷄫<b/Ư}ކ&7loc舑L7qc&M\\y-(].|\0Jt(<N-fq-~@ICdI1\"|ڷ#17pE Bc$1%QEIӐ^z=6\"SƟZvJ^ڶ|0u(Ӎ#V.\ZcQ(\'.:ǻҟiW[i\\ˮ-uؚqa5hr\'8HW.͐\\OkWOc֍D@C]+B6Ú	w {ۈJF52nĜ%JaC\"%RBr/eٕ^ѣ|iEv}1\'P3r4>\\)Oɇ<.r^/UOI9;deCAD\\f>vm@-rڗ3e>aƅ0Ǖ#7귫ؚDy}\0馛)F9,bcUZ!m[nY.Os$5mZׅa~]rqDtk]𑃙P{{sϻqC\\6$?W\\` ׄ0d϶˵vnGRM_Bi_)܆)	Rj)dNP\nd}\rlֽo#2¢g#yD#Yۑ7sMfM\n#gB|N~h(4<Ƴ޾ƌSƐ\n򹊣.i51+CQ6RP.RVdkgQծYnOG\nBZu籴֑`kiY^~kL7x|H-qlJ-gr4ME448R.EДiwּ&Fz	΃IշzS3oa^2%^Wer)~zdU:gs8ZI.daPz:4=}`s-I65OIjgؗcdT=e~-,_zk\rQۙ51w.rDMg{\nNswO\0h6q|-UP.\'1_Knq ҵS?\"YڕET`[g8ypvg{Ęe,XNra$4nlOh=KG3nkaz(AnJZ4;%^g;]u	8F鄖pSyDvO9Ӊ:p=I;e\ZQcGTy.tq߯N*J~/<lmֺmCSe9zl,P+}>cߦbj({;C6c$1%ivk7VNt\n܈_\"bt2u*wS/B2M\"eG\'X,m{w6)Sf?ûҟƨi~S\'*#\"~ߎR7IuJ9?QDN*|9,mm3ѐ(m||im>GqQ\ZfkG0h4p_Sba\Z+?[IڂLI#T%aGJ7#YRf[ՆFa*4_T`K̎@$e}JG+)9\"j95mRW&4cH(rg6Pc+,}IhinbbVކw\\*㓭aXIЈ(ix_P.ц ]G,Jgb^1ld`j{\rL\rI:;&V2+2>C3>rktTkZAڼ\0#<ׇF7ϪEp!؏tDFT0Ժ:킋a5؛\nz8Z%Mof:\\\r?Gf`0|Tj;ݝm\Zؾuh8Wʜf	k)\Z\rI(yhN]//ݞݍSσIG_(2ND)RbȬNKY؉s>W;|zD3l&E!y2\\,{g],2he\n˞zl*Xކy7y[/:LFܬ`t׈.-0[ ׎g@~\'htnu1!chKeu4SK:U܊,km\Z`وyDezi2\"4X>&ⲈPׁgٗ8W퐉mOer\Zu/>KzX҈X;$Lg#>J^]]#\'LA\" =D%ѾԫũO-`A2urrkt\\lL\"r|g3>Jdz>xGaOQR~g_\rNҪ8M(w#@fuJli;\"R%<\Z=\rW#IS&1aԸFwnhmi[ZE;t&ab@XV|3Smr>ORL:55U\nc&M\"E!\n&s̆@4%˟~v_+!{Gu	چaGSk\03\n(CªIPHa|MKCju)znۀL۶(=ܨ*y =)rN2vص_qR&){TcALۋ}?&T 2xr9W}ظbexњ0\Z18Oq\"?EP=l8sD\ZvR[xKў+^nnåm^kCsAhi<샎6\\WT봵1\rxzm}~jhhE̒7^.F_.25Ibq9#vt|N\ZMQGw\\㎛%ݚ]߂\r+V7C\':\0,zjYEr)|%3T3*Ymzd0tg6\rkޏ6-\rRc)mTuG*v\\R*8KZAѡTL3(QђOu6Tb\"bȭёEM`0kL4?\\TF떯-@cz\"<FqHAG$2#ghZއ\"7O$:e6.hf8Y3\'8I>1a8{\\5(D_n3&?|6hǖgjؾv{EUc[J?4nGͅﾛ8PRF\\_.ҘS:q6/	;R\\>R\"i}c:͚_s-LGBP!D*xfR#־2pA:AtrMhl.JNH}kZ$սm^!#s̆@a){:Iv[jo~.+\\=6)ОTyF;\"!9~3%\\!u!F9ν<83${\\2~JXk$R\"A#aI0qL5n8)߷Rj`dAyH\"uʡl\\\\&OǿP55C`3žd8\rCF*/նDm	ruN6hvºWڭmI(}SpǆLLonVdCɁ{^._h 1z2%6/	;R:[K/\\wiW\\Cic*xfOF0,}9x̄bj1ZULH?\rFOł9v9NsT5dXÃ` à9<^?iGh\rɨBa),=Q`Y9cF0,$h\nFup6xwQ._mEFG˔Ӕ\".ڀ:)շmQzG܋ρs_D%!܋7(U&9j$?$\"GO#DzP.E=<+҆$};;>:JF\rY*=yQr۹$-\r 1z2%64]3<	\'CIeI$9Jܺܮ{~	mrbM9AL4ϝ.\'<j{U^S4i\r =ʶ.{\r־r}WH93fLFܬ`DY;Vo-yrq(cek۱5Y3f0_׬\'HG.cX?20q땴Ohn4M)B+f1}0n|F97u}96j3\03NSNF\\/o@2ZWG6t4lmeO\Zl rZ2ӗ%nįTG\rب	 LjڸKY؉2*/Ip	UCI?L\"yLԞvm¤gTp3&LtY<ִDhp\"ڰЖCH#3,;\0wϭf%#Q1#G`e4f#Z{.)1XVdjڤF.VDDDs\n0iƧ\'>^qIr7u%OY~b`1rmJmͣJF[cW2L9-29Û%TM=YdU7yIؑ2;Qy\'-Ơ&<gjUJaBgrGi>;Ea1y-)GfX\\w\0^/|}>)##Θ#C2	\Zqe=$>KJ޼L@%-|eMqb[^J{7mQD6AQ>$sJŇ:6eSתgB(29ByR{~7K\Z93uD$Ϩѣ?<T\r3\nzDTaeD-oY?9pn&yaO+,YZB8	:qTWI\n*mq`ڈ=\rپM\0[(e?qj`GJ \"<^A\0Xc	l]?UoB=eKsQH/Km\0ڔiyT.ɜcX+x>U=ี0\n\')en;Zz\'-rpEfRĸi9]0:`k)7N\"8͡NT̃\\+L%ٳr&=fI5g&̜\"*oT=~\rPmem3ϸDf]١uw\0&e{!CnS\nz&Y7CWXD !%8	ׇsG]ZBp:M~~2pps^SΩ\nĴυGQxl9mn8Vv:f~)`Yi?}>Ę}Ϻ|]l~Eh<Fa^2%dery.+VH@;\':r~y]NX=//vL?r8e״^&P#|Jowͽ|H۴|	ps4ϼ2hOk~FK*\n\'+N:q.QT?gU΃\\A9<\\|g=n\\7m6L>ad>/վqͧ̿j6j.\\ϢXWAй_̄=}^\"ep\0F$Mi̘?Oe*a(wvag#y睔+nĩWt7y`~Bǀ]03?2Ɠ5V$l_r=~ڿ6ǿ&+uD\"N&PZGL}rC[w\rt%~)n|Hj>f^jPHry\nP;>\\^\Zk_}AYbEr~=N|.2yH2sUPA99q\ZQ CiÇ?a3Fr\\9(,pˇZ:N6i8W}3p?\rGDoFtMsB%\"2mVơ1IQ6I̾}u\n0d8AևҖ}rQXF}ǉB/z9x\ZQW3λCpSAFk=6B	rۚ-ܵpgw&mS2+BYJ;6w9\n\r_R^ (*8\ZQU\r0?K8熏)탵d_ʆt}B-,5^KympLLRu]рa#yM1Ҷo}4\n\r܈ӮT[Bοө`n0c:\\?K?0m$)C[\n\Zqiyexq/[:E\\fI\n*wƽ{lpg/Ci/:q)n|Hmĸod0;bT!G?2W\0W_s>̖Aks#Q \Z˄ꤢR	UX=TARY1n[\Z\ZaͰ͗aC?\'_ྯ_x??\Z^J4%tvoȇ4Y${qx/I]*yZd*`r~\Zgl\"grZ@H򳞒T ڰ.Cx!$,A h:Pk^xkw(A\0И{pPN(&`d|U<\rO)ڮ*\rm`Nե3R+U!>\\5]}:Ds;iJJ_1p{o\'̐yOrOJ$\r{tߵ섽Bs! ڭZ.uAs3gaI#WcnO$4;Ҁ-\\_O0fx`┏	-M\0KvzB*yGB]}?̻?W\'rZѡ$0Iߴ%@aq]CH2\"YB:āד\r3&e0	%X>#G?O!4/hjRF#rI+[8ڵ\nK!IG?MCud*ÌRWܞspȼUWۡZ[D0;(u]PW*/NҦ=X!LciL\'%цKwwhpvܻvm}{YVi|r0xx?-ij?qlv\'c~4/{+\rkjöKi6+Sz$p#^#?ZJר+6yK/QArZ@HMz)pC]Uȵ[\Zh<>\"<5,pF*HTX=!mX\\!<xrGĎnvXSKY\0q;u<bB	VOїpl_v+\Zͻo˔.ѳm{YNlńLH/9)Ѱ:N],uh3J9),\n)cLBҸiRgz9\0Cje:sޱMlYi*j}P5t8OQ#2q@#l77~>W]P{+߹Z}\n6]!Ty7h#DB|4)DݶDc~Z\ZxaGXϯ;i\'5_U:z,pAQU:ݤZ9z4|UeL9- iI$OE.y$M~/~vسcjsFZf񵌧D4m2\\h0B#uL\rh\\)dDƳDc\'v*ΎFMA9T4[aO&d{`\"$MÎRCcQJ}29rQ_\nM2GkZ\ZRTYm\rZam[ǔ#\"j$\\H]McBƍX+6(DWV7}{`\ryJhj`%**{Q2K}NW|OI4͍H}غX;r>1߿i5<SJd9*p=	!T}.C03%WSĴ;~F;}̏O\nv_Iذ6k\\2;{z4448XF<w;\r	1Z6~s?Ȕ@DoXW-aMi;\ZT;0*#S-Щٗ^:[r$(a)J 3цuS!Ɉg	.awu\r+߄o,TT4rP})ڦ&Fj]&\nΒx\\d*2QѤI:Dc*1|JJ_1dv-<7B9uؔ1&!i܈$m#Ruu\raͰz+Ј!p劜,sؾ̹B]p͍teO딃)XZ.NXԥ=PA,g\ZNL7πXJ8Zn-1:[`=_\'T,#OKwVW]ODPS Kѩ\\ܓD-ᕧ-\"h+XG;%g}xɺ6\\*lo\'\r38ĝpuzfZ:J!$iwQ1;Hs +L9tf:]	:IJŊoշx\'^}I\ruYPHWx67g~_nЎ 7~)@6vmzK\';=W+Y~_qE^K9E=z`R-q\\\nQo%xH]R~g+UMA`;v)g<G-tO^߃w|O`ꁴC}Eɂ+9|gpuI+5ۄ|ai`xL:mky׎=w+q[vAuˈx{aӒ\rޝm*hC	\r\rOhê`isK<\0&*G?B_n{9uRo~ATC1.y~Q؋KEܩ.Kik\"x/[0|PXp-pAI)om#*+%yv/RZ:HnxD$px5,|U}7_x(˹f}\rH:~_&N8{<|OF-JpTg۝GoK\Z=gip\'^7l\\lEOsu>USRfBZb5<ۉj/AWgKI	l.yB&뻗hCeYv[xY^y՜m+lhdYjKTofX}XoweBXJIuUy~l{ǡ!pìYS<z<p#νD%#z<Ğ/n{1Ξ[W{vq}Nm&+R1eP_? оҾ%Ӯg~\Zh_M(].|QJK(-kb6GBKPWd[<jk͗og]*}>\n!u{k7x-9c^,oa\\uIG6>{6m?J?szrg7xǍZM%<:;	Ąɓ?<TJHS3];]N*mj<EH]\"0:O)B6HR`ۮx$q`VXPt[!~;au_NqArrM	IFd<KHt9;IWr}2e|\Z_[[DdvIm˰TO}Vtء\rZam[`_5pGnqS&IA;uؔ1&!i ^xV땠괆TpZEm0퓒\'w\0m4E~eʜ0qΩd֩qn/ٴ\nlY;֯}AIVA89YNxFD$\rGM:]q]@X	4wx(d\'ɷ/o^܍j_~]IDL/1VlH̕1x?\'(?L\"yL8Q]kmI$%C9IA$)a2C1CЩAZ2LSz`N5l>J=%m\r(xRmARlRļs.g<hIFd<KHt9;IWr}2e|\Z?Kۓ:8=$-m>F*)qtU^I$_RZhcL%O)B+\ZZ㛘d7}v?[җ6ei$$Po.lۥื+rau*m 07bh9=}Q`(iDh;\\6/l0aߡy6e$	3O\Zn@Ҁg+weEg?Ya?ߙ^<^k떉MqbMiDG@͐\Z㟀)\'BI$\'J	,gxX:qP\ZLu亦Tet)/u5)mv[[RBL&Yey)]W>L{\n̿Z/hIFd<KHt9;IWr}2e|\Z{vmTW!`$BM!_K-HU	n/9$h$.u5<$S\0q]WN9M^F!}a[{\nҰL]\ZD6b^4#b1EX}\rB6%IkU\"x1Dߊ0G`ΙéW&Hە@sGL\0>dƣ?}vEֳm?FjƳ{j4\recd+g_t!\\pP5tq0T!D*xfwS~xa\rBWi!:>!uPlt|A3]\"IGG/hg ɩ,`R0ou7e:z0l-0Z]Nҕ\\̰x\r߹zyh<ܴI$4YaJ8ｗ%-4$t5|$>_g_ҐRH=CTY\"#ْd\ZV߶EFWȋDI΃}%TB3,;ls{o.|	Vymj\rY#-1g\rg2JA|mˉ7fCem9*i*CNKia$<B5~2}0r\"hl}\"ho1/6W7<~9r֭\'\'bCLV@x};.W]\nHn;\0k\n_]mmrҵIkLWzK1r+	*މaYLWRW)FJ>]4\rCGS.w(ǎ$7&hDt%\'3,9^&Aèl~}l\\DeTDDRڨT4gےRYґێML[4E-d+QhcL%O)B+\Z$R75pi+x!ů7V@{[jkB(tNقslDm dxn1Q3اTN9r\nJd9zڰyl~\'s~ph,=-/nǳmDn<o> i]QtQaVWkN`)s``x#BI\\&]ܰ6^\r rSDԧkXSIZW2D,:p#xVnŕe9R\\it03$7&hDt%\'3,9^&A1[n9}utv{=b<6)гTyqK#숌C4jگC)rrҦfxH*o# \"3`Iaڬ0b(%LfBu&غiq	d7boގ;z.^PrzJZn\0/7G)Gqk5+ڰyQϯ+5G3N^ NfI N~u;6@-c\nԸk/j?67bѽ߀eOZjK&bm;;\rçْm<4eD-Be`jz±HBey*E\\.\"]].hKS,W4SLF-LWC\nuni788a蘑jit=]Nҕ\\̰x٦m#F~\rL4֣IWƆW]23\"\0c&M1\'`vIО=\nv?SSY;ֶihZQ^cJ؀e#;8\0Ԧ$<2eϴRȬ4,qC5`?VoQ<mˉ7fC(kیCC!	HLyرގ\'Au_k(uC_\0{q~y~\rXy\"6QLAj2e@T1N\'S\"%iW9KGy5$L)EH!iW\nhI&$ǜ[ϖrQU]\'_rLw.{\'+>a2	\Zq[yzY U\r;JEQT\"_8e\n[\0Ιr)?޲vq[ddٶ &Eh652&$)wEDvLW6õm9Q2K<G(J3P\"caڃ퐄D|~l׆ev t֨i?pr!/{X۫gۈ>	܈^{bz1L-yd#|YP8phDy5YU92H-R#\\V.u%S%ݼԷAZ2LSHY^ɩ,/]Q\"1mpEWCp1]Nҕ\\̰xY@_}SLRڨT{&ſ\".c`fX@)z	V,ZkSĐ[Zk|syF\"xVo| 6v8=жY+P9n%-Tp웍\\4Q6\"N\n|܆2f$xE!ώ<[mGgϺw{WtCt-|E׳EH4y(0#OfԢ|\r#f#jb.rj9dG\'|ד]~3?xQ].a\'JOfXrLFܬ`h֫\ru=r\'D\n܊>a\n*8P#pAxnsۦ\rDȭvtM˔=Y31,qYDُ P^ۈ7S∏9/!TyܟH[<q2Bl\Z5gŚð.l߭|W϶}k^z<Dlt-KiD꿚Lh01yV,	M+ʙɏ)69KQ#GH!V쇂ZZ%W|Q1]Y)\ZS^3θ\0j08va\'JOfXrLFܬ`h]n<K33/#t5M2jYB\'PYx~zǶy[PTU>&\"fZ#Mh$zMh89-Jh_ ׈ [׶\r2ŶCC!	<R*a#66o5j1φ֎nx~}=탭a~qʷʓpϢ\\|!SBϖy_CDQ\'#Bkztr}Br$Gz,g~ex?6i3`iKh6E|iDp#XF*[ax\'Op4)Rq%swS 4>A*g!l$Y)}\\9}\Z϶\0϶}y|_\'NO7 Ѯ\r@<~׵\r)n6C2yTƺү+Wae.3O]@Tꠛ #́.6=ТFzC\r\rE\\3QVߨpF\\f9/I6q+*bȱ|Q6f!u{o쾠7{\'.]9ՓLh#hD_ntH۱KU@NbRv)eӇ\0>OSwXԣRs$&p|#xɄ,ڝ3$ے,$ϸ^\Z\\}%0m#էCl_(rQ\\|K!dlD/;(Ԧ?Eh뮁.!N_P=t8a{viB-RUNې\ZǖIR,:=\rٻ*ۿ1ivAW_&puƯ;qsֹ=T\rKoFer\r+ߥ͠8\\T\"x\0,:4,}CB~\\e]mm3lc\ZJ֭umԚ6\r_bv\ZE5~\n,xʹG\r:i $?[6N`rMhcD0[X6ə4ry߃uؿmq>rĘ{~4\\ߞ*:]*xNNVc{1lbY˒F?Nc3\0\0&qz惰}sn?i׿6;,,>16l_777/0RrXQOW9y+YY.SM\\me<5E|IDэ`B	`|:AMQ%W8벋eʛJICvP+drOۙ,Է$Y)ɾ@caotve\'_\n\rcƌ!Nߠ_=t\'q;CSLb+f\r{qW%\"	cu𞄯W(<|`}x05gA/zǌO<s?K]!q(֮,/fP(!aM\\@9;ԧSӰi?U>`K(grjlaٕ^<ע2۬hEGkSw+{#Ϧ{J)\r1F{3O)pĐf39\rOE=y6BTG1j$$S|׿zq| Nߢ_ne,xPMw#iԯP%!\'*\\ɤ\"O|v킏xt+(\nC	v	D=f?(mOf~}~enSᐍ,o)dNF\"-g<.^BZ]5a\n\\psKf\'MfW9˄1B..BLŵ\ZXDKmXs%&ptӆӦgQԺ8ȆF\"ծr{>\n!F|n$yG?]Cao~8}~g]>p\\#]&|IJ\\9;oQr^Z2P.b(DGkPF\rbٔC&㟤pSgLWC\"~bUBSXD0zY V$\nIVB}]恴īa󟿳O__n5wdxP-0|z	]KHrH=[Wf=PH>:x`/Q7<w\":!`{eσ#d?_y;4(XNra$4Rۿ5S.| m߁跁{ϡ&A8$&\'ڈ9ع<N\"UMZ:+R89ˏBhؿ۝fs΄~uR鿓5~$SŞQ(>,BS,3	!%rHIK^\"+i??跁q-3tv28;b肳R4k`>ET!v \Zf~I۰~6hHv\ZB6JB~\\߻jmzvv\n-6kXk`z _nLSg˽q%@ے\\!lU[o*7&vS>\nt۴r}Vػ}+8ܑM谜Tn`{V#LeŎwXeƂ~IJJ\n\r%7\'u]bDdY?B{!NB?K>wih:EqgvT<1D&+RW|W/Ac=:g;׮pϲ X1D\nh< ܡr\"|3Wk-/_@H1K+weD_~rs$iIdZ.\Za]iΕ\"v3Z;k}-%Y\n;6$}{hohrAE_~߂)Uȅ6J#d#Xw/a_+tdg{iI8*wͰp\':zR.]H\'/H=nEyԡܵҬ_{AKڒ1l!\\qD/׿?gh{ʺJHL\nͰdqϽ<rUdqorꖗZb]W,귗58c8i}9yدk\'/4@>U4wY][(׻{|rqw	Lo\'oN=[`׎Z!2ڋ{(~uA^nKDq	Eʼ&ƭg#SAdk^\"s{#}mVdD1c\ZF8`;v)u\nIW\n\\i[bsO@W[vҶt9sκTdq]kۈCl@1YR xkd|VX[	dQI5L^@݈;e΂-ÄS<q/x5!\\\'#!q)x]*Rǖlq:-M\rڃ?\\`sA~)fO9erW_g\'vmXGźk\n ХP	UN|rJC%}Q~*y5чVR5}Q\'%\r9L[\'yv J7yinؒQ*(P۲1G(׳Xܣc=i&~[&3v~.%PyLiY˒F?AayV4<慰$oN~\ZU>>EێK\ZG]FsaٗRN mFىU|N!-P[LmL5ݯAGa\';uΚ-\' RM۷oߦ}_xYlCv!+7CX,JޓFH,ǀd_ konoy\ZSG%r2p#OGvʥy/úbՆ&.Θt;-l3}[X ?Nၗ|%+>Ü^S}c+;o;[9,u]9\"P>]\"dߕx\"BC4?l;C6Zb_o\nqȣ8j7[>oޅX\\hwyEH6+i<$~\0WT_\Z\'1l\ndy\r,er^~vU(z1nf3%Svqx\nd WQwR+GooWC3oWu5{zr\\\r܈e_ciڴ׊߹\\KL*\"Tg.xw܆c$tf` ׄ0_\\Aô99mh(pbm)e\nle)dCtHDiǧǗxE~W$|E츓P.\01ܱ|GrgaJUS ⴂإZ8T\\iG1hPn|\0.X~\Z⧟=dqDҐv+g̶Ȍ6Buu$!Xw524}m-O~]87.$o{pԤXU_t0]J4c][aˎݷkU:UN*)\'.L铄^{Nz4R3U\0\"XMND0\"B.]$Y	r<cq+5T<ez~=rs[i8&7YoD;գyy]Ei9P4	Frc\ZQ:7A؂&KIe~c˰&c\r)e,;/\nƾg\0R5\ZJJ3ZI4P\Zx_ŕs\\ά8&7EL(\'5;$9d!-P2:㗛|ckU:0\Zر@	`|:D\'z	رy<{{꬙D)ψ()]o\',,`ߒd9$ttòc*u\"щc&p#?g/rpv8)>.8+y\Zf+\ZudߵŞq5\'5t52)MBw/}#gigEʧf@DҲ%zWX5[;LlGtvwR#U\\?0q^7h;g\rvZH*Dԧ+״K]IT	P_1k9T9(/Rʸb<&LO!C`I0۠au;OwzѮ0$Ԗ9zUؼLvc)mTj^R1/hT^jG$ߐcϸUJvTk]WcjCeh%\rXhso\ZeW]C#jW#lC)舸a̺P9xXԆclU C@Gv¹\nmޝh?ll(92f$F׮=&K+h]k\Zzj5<G%rc.p#m_>y\'&RO8:qIRˑ\'3jrTu5_1Rri%%$`bj^1?|H}ip`$T\'h{6\ro-_(=h#ǎq	JjcԞvmXmT\nAZ]gK؃ibNd9D#_rĜLڎa\'(&\nYY3.?FtћdB,~RB>&1EX}\rB6%IHz1 *zlcArk+kwRȱ_(`<5K\ZWUFL\"w=N֥j=\'8\'ڮ.3ζA;#L|}8ҫ]!Gtq2QšOsw*FvƊpt81jaDsf&آɲ\"hRwJ:{(u]*~c[	ڈ7Xg0L8	ڈc2p#fu)\\-y1%9R.z^\'3w~cpI<L:\\;`A\Zc&M!84v;1gl!\\LfVs7QaD1bUBSdaJ#Uy	IV~T;CuhoW	c=EIi8ۼ|A8FpnĂwNZI;u-RrH=[W듟tYp޵73!)xݷ?0|$ANxQ|@2y&\0DDQ]SZg?/GiP,~qI)$8F\ra܊|62Uo?~m}mvta^A}$ӁO5L8?ט)Edsrj\nYrS\\$+ٗ_\'wfq.~U+)0t(\rNeBWsPxˎީ!i\\WGT1\0]0rd\'ftk?>ETpO1=<a^CSH~X ×52q۟F\"yH8g1c&fsN=_̥4LF=\\U?u>w{+؟lKL.hLRzOQmrڌ.٠8P.ED(\"h!`?.^\rq6B\nw;[;tݞE*ud,\\Y7|Q,x[n/P=t8q\\pS.i\'Gms@)b)p%Qw0s=qS]\rW}3.1g? EPigž%-\n%ZPYVI|oU&Ӝ,Tv\ZR|IBABXy[7\'u]y->6ndsm}_gs40YZL&!UUpwqU!^^8ggQ\'р29G(*#!ƭ,ԋ$I*!	3\"芰ob,t\'V\\\"dE\rHV3]͞ \rǖhGVBxnKFX],i\"vL>쳠&߫^EaPᥔ+sϺ\0.~0fZQ$rr9:b\0tvTpddI\"+܊SS<cAO̶3d#Xwk_wo]!KpxUhQ7bE7v\r\\3T£8@a؈0{ٔË4;>s~@tuybS=%50Jl\nqǜ4jL12T53q|4KO\rSZ>~Eu\'QrFv5T;y\Z3g:C+஻:&Fm	8B֕\'C2&H(0y2טuZ\\F`о}spJA7*v.s9N@btDA߆64yF)	O\\P6و,\'5Ɇ0nEE7yjUկ7z=܈~Lγ@đ4Z8FT\nQ}\'NT~]GL(*Yw:DC\nq-?)*51FBK~(dz4#jWr2\"ʀkg2_HBu.{}+\nDsWO\r܈/֛C],L$8tkN5lT\'\n=vT|J|)¼s3οpه?ӧAyDYăBcAΤyG29۾˴H58҂lPasM$CmOw-!6Yx|tݫkmJ\rsν~܇cGF򠽥	Aݮ\"g73qP˥$t[+\"UìxSAP0SKx˨đ\ns{!$92XStuuCGK9\0ZalP5T4à풏Ht9;IWr}2eFg`x_U3)гTQiTpurLayQ? \"?ЬGv>UkxaFe܎Y3Gυc#\"mƙurz!iXԆclU<\">VaGp5QlѐV>{\ZیǡEU{j`OaxѢx[q#\Z>8`D\"\\\\02vAj6j8RM7N4fLQo訡L\rvvŁ[R;tLh8W\'S%\"i\"u򶈿1|Q&E@@Q}n!ɢx;[,ǀ䱿FiiH\Zo砍xn?5i29sK)KD\"GFo\'lXQ񠫑6_74$7~wE*S ؈@(\"s#P>]Y2<,D^Fa֎-wakࡇ׾P	7ոCZ^]RKSBwG鯁!msIXAcg/wp>7|0v5lL&=2\rIblC8\r*hg¬YG/\ZJfx!|DᓻzTЫ8$4h+<?\\sHT=[kƏwV[`b9͇Pop`_u|_(q\"o_&xevwVc\"h?owC0x_hv/ǜ66ES)cATP2&p\"Qyh,)*51+p~\r<`Ҍ9ԿɲH=6p箴(g>󡶡	ih\Z\nx%׾ڈJoߢ<G%!3Qx\nzk)\'fL6e.2ɸ3\Z\n>vWE_UUDYda4X5daJY V	IVDa哫?!|ogTwMygsbpFb(\n14Pu&_\'H{D$\\	O?8}D5A(~@3XwшXNLذ\"ߜW\Z\r3$_o\Z\"q+\00x_\ZfUY]6ENu贈oKW\rǟr2wB,L#\ZP\r$蛸!$9\rD.v U 5Е	k?>ETpO1)P*d5QiWv~FyO[\'9۵\nzC\0οvxfrNd_L&zHhpb6x#҂lPaXKLҬL郋PqQdR2 >Fgn[*hTw&x{|297Tκ5Ci]y׾Ff6ͿrXV4+$\\tݻ}L>n\"Qw, DRi,x*\nx))z[(7dIumvt?yu;7?\">Gq+G֋rϞWQ&=`ΩϞjK]^%궓)GfX\\!<xrvd/$h\nӯ]7#GE?gNUgNFA2:\Z67\n\\OT\"T9{;gOy`#Gd\\F1EX}\rŸ}qH0?s\ZSoEzlc֞hvT*A;*;\'O|sPkt^׹S+n0pKO@uu\Zó ;rIzduS!Ɉg	.a\'Jnp//$h\nOa۵\rY\nz<nM3(Lu5-\r@	wБ#\rC\'2]OAĂ=&\rñi\r&UDѼFA\"8o6̆rT>\r!T:-eQ3>PF~Y]0x?{ Oiɐ2r0(R\'uxޅ2\nDQ%vR=r=B]Nҕ^g$h\nFnTJp۾͍MI5-j\0g?͞cLcF	aē[xE\"|;t\nѽw-1Ĉ2Ա)\"zLD?#F]o&/اTSiDfԆͻs\Zwi۵ODqUv>Tw۟bғRN-]8qi`rQCnEZm_v{ř~X6TTDm\ZrIzduS!Ɉg	ryGřj?L\\֖8\r!ՒWE4S?sJOn=@e./\"VpX+O<\r&ߔj̨a#fs؈#%C8\\*Em8-#I=hjVBv2$<\"niJtZ\ZZ:fGUy+?*m/|f:293H:wO<&\n\rU;`Ȱ*7z03iHÐ\'\rh<hG:iQŁRQ\\ѵMD.x\"^B[;UΊJ.\r]&._sݧ{y9$\nqC\')WA㦄!!z6 Xj{!ze\ZqM\'e.T\\2m+]*\0\\oN|-1h7*!0bƁL{\\VJ JFXAkg\0R|=V)Vi!͉b^m1h?\n*ATwA{cH^ذ+9H<a?d/`y$Y+v6AgWvꠍu뭷<1k;UXW\"l\Zڹqx/qAWGtt+Kߤ9tQ,J\nY(_e*tCC4?$?uc^:sŞ\Zx啟,{\06_~	n!4LO}4{*$OJ,Ӫjui0`p5MB)\"._[V-i;L	FaCa)0p@~j\ZX/jkTpw:Zn<Ĩq»;֞*p8MW\\uɭ̅ڹd{O;ug]32n#zױ)舸au*=k9bQ}J5:J8Ph\\FM]IOcЮ==̚5K1+(	ChiE?[طitx\"-\nk`cP:9d\0:rb)*UZ*KE4`Kq\n\"%=Wxr*saԱ$\"kw	r>:y؈s؈c16Tٔ$#jb{\r`Mm3\n<9]-GÓ q/1cHRAklywj\"\\|(e6JV7GSa8{5a#\ZFyPwH9k`gRN]ĸOn=@e.:V}w~͑ tyu2|3%ُ0j񳜘}a642+m9*i*^|#1Fs{7sX]jxvE=so|B%p8,EB/~rH\\Ugf;^Fn1.ē[P#|#13Ĉ݀J(tN+9p,ǱO&rNN%{.nyÝa|~J~o\"Py80k]UEMbO>Z8wn(yp8(sG3XwhP\ZW4?:OrymWw+AxTw/a̴p_FOcV_|YBOX	X	lk%N[m <]=S(~me_ɢA2d#ط$:rD~s|.~Fl:8LUTw/jq}u6~i-0ق*~RZceүk?nm<?ؽq+\Zұu,J\n+M!Qk%d#xpAiYُZQ	^w|0V^W\\qI*(\Z{}o<+&tp&\rhEtgQ0``Pɓu\\װMo-`,x0u<Ix%jV0<5)$,=-_>3>	2n#\Z`ۈZWr\rx\rǾ(8NAV\0?hP\rw0-]qa2qL\0>̊:0q\n<z݇8{)7.2ZZHR_Bo;ʸ)SaD0m_cn8jwWݎu:`i\0V`DY	TP\r&,\"ucpm\0/)IG\"^\"x\r4D~Cqpc啇zhm7~%ؽE8ԋNƥEcak\0#Oλ&̘u9r	b\nz޶v<:YL.9-6)y}h^#n n7ˉ7fCem9*i*^|Fζۻ~a(Wi8<p|k\nMTw?7U}:}X\\mqwea(\"1J{z,\rMϿ& ލHqh#ˁ\rO9X>VQ[ƕ:#QDϕZWNݮȁ7ppS	G)zYNѯ<	K]01\06m\r>P󥽌JGKo%h$z9k&k<{i2\Z	]*8Kay0lH1Eqr~WMϪE&fs؈jЌ\ZŢ6f2Z\Zm\'ӥ\\\rQW_r?Q	x|ݳw#_|}0EnHsi˔.}}U4~n)aYs\ZJoA\0p{у50\\|5x@Dc6(y~>1}a64r6#Bŋ]4p%M,wi#z~e}6*v\"Xz߿Ct޿ߕ%C)Oc)js,CuE\'HrF)NӦDp\nUCzu\ZAػm+l[v\\s%9Re6Fp~@x1YL-wEDvLW61>p9ޮDxa]{{]&AYvUE%pc}80,֕u|i2\Z	]RG-n+[7T׃T:U|q0j2|$=R`IHwvCZ[Z l߸:\\hPLL\"=s.ɭ̅Npwuo	ϚfFeF-\\\0/7G)z{@N\\Ԇͻs%mo8nldVBP`*K}J>\n~컷ݕ%/KrbChKeu4SKy)&å7]+Fk817pwx6}KҾ\"糦\\\"}̡uFo6n	;>o(oA۾m$mkpxlR\\\ZG-ko_EA_8K-;J\r1kH#[CRG)pkd״4D\\Iut6Sa1(c=D<\0@G, 9-E\rEp,\'fl\rzYGڡ!-paG̏#`vO~rwx?C哧G	{[[vCW\'6+˂<BL]&Wp#Xֆi\ny14\n+G]*`{\rlLy)vy\'#aEݾ:waGqS`Q	G	vmXQ//uM$\0N\"ǠnT̃\\{wN]ImUWW@߫keQ}\Z<b(TJ(e\nleͪmG`þ|2xf஻ՏQ	G	~\'\n\r+W^<NZ\nH&V\nqOiNV{[#M~~2phsq6ir:C͊YnCp3RZmm5qMej.8:Pe/n$GTQ~}صq5,vml={sliM2%^Wer.vYJDڙyɔ+[׬!*`0Tl&\0Y@Ze?iU\0~ð5hpp<\0/̚5$WTw?G}x\\bzd+$XF\ZwoYo+*\n\'+N4u5?Ba(.|j\0qz4u\rVVJx\\ϲB-gwy\'I*~rɨklg_\nomK\n4Aй_̄{JJtLg	C0xP;;0#|2`\"a߅[G~($pMm]֞دyi$Y4%;+gG*cՋê\\6v^	(컖>EƃF)MWT	:.=4G0f ]kُ_t6;,/#\0E;aρٓึޓ?\niTp4)Z\Z/v骥^^-\n-Ş}z50ϋߦrIXFT.?(WvoBT2Bk`Ya,x*J\reVچvyВ\nHx 8˾pɰ0Ӿ)䏾֯\\OO+%\"Ͱf>qdNcn$B@ৃ,\nSIlvDUV-yM\0^&_5BmPqYSwS>|Vx8j.ؙcaRnxKTi˰>c-w7@{tCq^ewVRT*jckgjwho1~45	lcBܕVu޸׵YVs:aҍsfiu%oZ*;.*Ϩ~*SO8n\'Po+tbf\Z-_xCS}U`\"YX% \rda )=GnQ*agqk_SFV-)p<ï@k!U_Q	O_{Srq+eԫ?-#\'I3W\";(Rl%pĹԓڕ!L3y6~(֤!K<P,~Q\n\ri\\U{eGVCCcI0mgEksrWTw?BoGw*Z\0|p{l!\Z˄QZ6	j*_2DEbkK*E\\gD(jׄ[Gi콍YӅQ9x㐼,~Y3`Zl%i>^8l^*菨~_βHbOϥF1//0 E]G1\\vpIm]Lu9*uD\"	:h\'^+Zǟ\\5C3Z7iZaA-SFu$i~rɼ	x^ؼðgj(4vR=hϊz\r9Kf9͑ϋx\rnяw6h? ,50NcSQjPAzR|)Y|/ég:Ƶ={v?2*o~֦x;?vKMlxww4t#n/@Fbҩz=fLRut=fXú7ޔiZʂ\\ط`B(~!>zqBpZtճ[\'ς͛77mϒFqx߃*vGTw?#w_\":|$|@#>eഃό,+,Y,:\rcqfΙb ذ-ʸlMNF|8[q}J][:a)vn<<հG*{̧Joa$]$~oTP>*y擿\\q2ozwul\0;e[\'&F)MLG>DڒIr楗R845Q=(260џ^{4Cm;i&pDuWUCU̻nwC%p!o9y.w(W>03	+[gD8AA̻{wSHN@bt$;k`WW|k?arA(o0\"`og:d\0G$;76??Ê+[s.w~u쏿kSJCt+U,_\r/Xֵ\0y\\H	\nLh$wlIZcl6!?O8`xLj7!V>sZz2vPFDpM}DYowEBv4cmm8IøS_#FR}rɼ?V$vwqwxLxvhL9(2yҾ1tru&o,e%*	:h˓JEg\0hj43U94,܃]UayK^la#G\')W,{	.zr5*X<E>nq,	߿\nWŦ7kACWϾJx1\Z~m7\0#MeYvۛJTqؽU]\r:J}w6i{n1;`yRU|umj*J.N<\"3w	*߃-+^\\q/UwC.ެ{2/Eyb&,2^\"A@él\":DO=n:\ZX^)7{21P}n[؝\'}AVPG{	w_KUy?{?)Wθ\Z<o߻0_ow#I@PAW#&f:: Q+.\'8tw]aA2P؈ƶ.y׷Cq#ؔ\Z$Majx\nWa&>%^O=(W^wa)WA_{;_)?˯,S/	AaO(C${50CM\riK\n\nN<%\'_ϴoW-Q~\\f{ЗU-at?FiOty)v?7}DUW^ڗ^{>}r<ŋO?Z$Wu㠭4\rDh:\ZtЍ\r?\\gv+L%ٳqڎr\\?O25% \">@ۯl`1hCKP\n>p~:<ơwo~uV뮻̇Sz\Z?g*xrɼOQ	ܽD3/}/;]N^\0G]I#|,\r2TT$5XG\'w[G;ԎNL^\nĝlHx\ZϪյ@]sG|6v\rw<\Zw7Mٝw)F&\r+{n]yP	ܽ8l]\"*|af7s;F_:JY\'BmL_OLn2(+\"x<hgM~`^HUPQHڎqf;v=]tC7.O?.]&_zJp9RP)\nسi,~پwȂ-e,yW/	+#k]&OB³wO-fiW4&_\"]@A;;D[a_c4u8s(,_BCC|k_ih)Wr&*Wl_\'\0|Y~	VSp`}S3~׹̄a\rǑ-8\0fEӧ2ELu&ʕ%n\"ʀ}D>T*X~J/Q\\2~xa-<&캨׹]g,x[yP	=<޳yÇeşP__&mpǷ}o\r͇1;]n<jd_7N^S=\'Hᨪ?ؗr/Per<us:yM^on%\" ͶOE7{:|yL\nz݃8w;,W(W.{\'anЯl\ZLq2|\ro	u]` \'81z\"rXV4+q%U,<$QѸAq}`j6hpo)T\n/m\0ap?<Wu^z<\\?\\qX_/Q\0=y{㞿|YTc}D|LwFG>>׿z\ZK.W{\"=}\0Ln϶pw6j<u0>ҭVRElńLH/98?\\\\Gڎ8u-ҏ9h	p]UZo=P\Zt\0׆|R<\"2uVϸcY>&Ⲉ[ywxwwڶv[^38C^ێ,,*SyM\rP{!#ZC-GR0=8!#JxKܨqֽlAh|/SoϠX`n:#\rBu@1	ܷC,MIp4Y9G}cP0n7hڭ;eG.b8.\'Ϊ5uZ;x1Yokęexcc=pGR-[&_:V6?\'=;v\Z*g=COm͍rg#,Ğ,g\'q!W%\n3Gyz!xޛFȁ-RG,A23B͇ʠL4VRV2͠DQDK>J!SS@x?L=8R\"Ƕ2>CݾK#w˸R~#ή#!&ۺS̝>eQ!`զ=j[pM7G^wWgw<ot)gڥ>aPRA{\0O~o/ұ1@4O>>\'׿z[l__Wp;.gM\'\0>\"*+:`ސFؠꐜh晀.@bZ\Z)q]c[P_J<02n\'erlXgzBp*_~5^}^\\F\rW\\qַu@KS)ϔq\Zu.\'p:bCI=J.VcN-[R͟p{z\';%Kg%K{n|̝:fꂉUMJI\n\"W̙ҠyA˔Ӕ\"71#yJS\\t8H+z*pMÏH:X4#2L.rϞ	GYvuy*+c(l?U߂K.D+Rryc/|=rpOt9(P	}\'{95aLB{S#l瞓gς9G@^9\rO\\\0#/Li9)E ?#3na@\\_T&Oh\Z<9.RㇾΪ5ܗi<u8 umS7/-~N?tqV}9\\u;\'wgc9,.p%z] ^W`ϿZ}wisOE\n\nF4oܸr=e3\0&մ@5tF̙@><1tYU\"M3>UU{_I3)r}@ep7[ߒhFhGddrU\0uQ\ro鮂탡m#Ϩ+:?9dtq-|_B\nz\0]yҫ퀖q͟{Tt{E|2x≧ρ9Ô50y4qVB\0Ε%[_ufUpC\rs.Sm7sNr@ʼ֊jP#xI|׀fY_982uq6\r^[Zp@*yKÒ~	3\"7}_~\\zjUP0* v|KxϾ\0<#_|9?msϖ|j8~\0Y#ɹC9Ϋ\nؒL!G؟R!**On=ʃ_¯Y]de#\\(/KF$C]Cp@8pma۶mp%:>+w>sl^.*pr|ψWyѨ_9иZ^kN|׎mSOرcN1#aU\"0~aSIE$8~lTF@\rXYɭBn_?\"Bg#6ޏd-mKgy&\\qep9 K_zy#\nH_OMgAUP$*Lw?q.n;/~7?@+8:=C7ހCl̘S`EF\n	E M	\"H@Q(*RBoD	)HP@zҥ(*H	ҥI|3sd/3$wΛ\\\nfgvӝNy1xmD-}emv+SJu	ΛIrS}U<$;v;zFӍ{t5	:00P,<Ag~.5A;l9EeK-0vĝBk»-ūCԾ@}.r\'e\0i6_p<Kٌw_o\Z5/q|$\\IN<>.%\'ޤ&~|Nݎ}i/iYcʟ7Ë=\Z*7\'%G3>A]_BWOǈ2U;GbsVVUS4@aqU9ۮw?be)Sըa 㯛UƋ(56u~:tfY.nޣy7~XБ_Dɸ$Kn,s^)A2ga/}71\rg<9s`/MY)K|u8Ujݪ qۉwGu}~ѨP,Oc\0{9RFh]7RiJw:2keΑERHv9^`sNE䍔s>ڿa1q<MD/@Az&\0,ݻuEAl,ŻQ|r\'71[RAi.9BӻV-Q+J*ĨtBOM_\ro<aǲߛǅJQӐa.:l5_Iwoݔ\";.:V;xcu|mɅmc&̇#gRqN1$n;82qgȚOD>N: mŴ~\0{]y/2^p\0:eqKܖz~\\NB)}_Gְo&K\'chtv@Z{i4v])lN1]MmJWmDJȹk!Of[9<yFF\0\Z/dduoŬ]Kѩ?$n֌FM|jLT09OZk/ҶKd\0ڹ6\'#\\cL\r4e	ĝLǣӉhZVaNEl :}EJۊ[42x{?u_:Cen7$d]䛧H%t2r.ke2#qr\rFRĝ;IЊB\rDȒs9\"D\0%ٱy$5j[0,HOqTSEe|W}ۊ\0lZ8]*w@4}v bnNE魖e\\E^V;\0)OѴ bҎ_Rm*+#k;(e&5gY\0{ܾy{Z+I{9F/zv:kGpmiT=˽]]\0C\"+e۷n	܏Ʌ/V|6_}d<&w:-pS\0{MBN;<T{<ut_^ɇ%og»&\rꥭ5߰Ce˅[c%}hY}dr]H쌐okji% aƬAtVSkLԨsЍM\ZKFoB٧muQIܟicn.w{}!#nTڱFH)J\0qu\Z۳A;R.@Aq~7q9GCȊ0R\0ͯC:鍺?#YѴu4 q0YeMPk/#py\Z,d(]LF\0`ƜPG=#.JC/UJUo\"#u>V\\O[>\'L˜=<G+ig&uԿ\0І2Ru;󱞰]+tG1W}˾۞pO:ӹGdVAĦ5\0way)l=S~˼f2R΍wdtHa]eIP5g{kB[f\0\"t֠0*j=tn% )O?o\\Hg5ٮ^}Qj:wMeot|1\r.輦j[M>N_ʒ:^HkݏrloJ\"נ\"kȏAo.h\0XiZP1j> yt2KoV˸etpsmt^֕i]lGt9]ZT-khW#e1l\Zվeӽݺ/d^C{p.c{HJ|_iݼ}؏d?W߽\nM\r7մ1;6s..3YRɣz8K&nEsev}=6Λ(#xk2\03\"5t]*wRBC\r-d^)n۩;DsF712C\01oTo:ë|WFyM_-sg)#r#ml_VJxk~|Z5r\00oÜ/iת2R+c<쳔Osi8\rv|4ߎ.MR>g]4Ӷǥ2RjM|2\03~ٷ\'LF>G$]VI44УاnWR{)t9uB&8̀eVŨzW\0\\\'L\Z]SBj{\rn]_Ou.r\\Fꔨ҄K8GO[VIz\' VԚp5#>UPgq,Uۤ|l^4-#2{ZlW`H~A9\\?6u\rF2kwVQj\\xK$/{ٮ\Z/k yOhkW8\0Z9[L?uri_E|VNu͹NHW|G}Rj;*D[kx\ZTslY=aFHV2\\*5R?%כۙkns\\kÜ/ˑ\'9`LP53\"%ԉҩôgSEʘ/\"-#|(8l]\'\0H\Z뵟=\'zՏ	vY\"#ԉ{.NXV?JY㷳AƽQ.FбvHR#v|jgZvͻUT\ZyNӶT\0>-s\\=xOX13R\'qSέ9uF;esw/,#uʽL%\'#Gjyj2TF\0`ƹc?md^L|˼?mHnLKFv2gRK\"9ď{\0Ej*d0T&HF&Te`׸%]k{dNގYSݭAS_\0C;(#^\\j4o\'q\"[0MF˩[i2RHP\rz1ȱ/ []\rF2dh\0X1q(ߢCev.\\\\Kp:{<FFɩZȫu!#œ%6m$#\00O7с:,ҧў\Zm=6g`YrNNOMf˾lBCFj|a2\03xcn\Z{xOX\ri:S4]Ni\"s˽޳jm;AFjgϔ\0O_}]ߴZ-SϙVЫ\\-GNGלrN7Fhi.?H\\;~eWH\rcTϴ̗_@MأAݳ8g\'.M3gކ.k^ჾQQ\0\0mY0+#ϙF#IAO\ro}6y8|^Y\'YR\'cfˏefiOOiͿnSұO!\0~\\.U/_M]-_	0ds:q[NP?g^	nu˺ikdVF\0=a;TzرȎQGrʻ̯]HK8}Yv(xXt\rrssceXXQv#N׈Bv$v[Jnhkl=$A_\'XTxQ6ϖI&-b	l[Ol؏˞0..)6XsƳ5Ab\rAnmǶ7,\Z_˿/Y.{ro5Y\'YpuWm|bmYE&f r}y=niU-q~Ȣ㕶FlYWeRԉ/.׳G#u6\ZuFl$_ËrQgS|~?כ&IXIYAhq?e\\#u6?nxNoc،)=lM~fΖ).xn#N[bz^ԉb%c}A4~vI{euspNƈOkY\')skK׌Y)͏O.MQӑ]xs7rᑬ3EQi?u?\"dP5_xl&b-E-6q:8xx#БzS%O㻱E$DF$nYǫ,-%q7Xc<Zc-ۍoQ?QQueKĲ]>XE]>!\Z}ڑu>e-}`XlH8zt}yyғ\nzl%~5[1=a?NEQ ޶>}J8.\'nrt>o|{uF@,k,lΈ-۬Rӈeۘ- \"bH~׬^>rll,.1~kqK6񉆙97޵VF~EC/Ź{\0HKeˬ^>e\0쉣xJڻ=.qsDwX]֪dxXk\0t	灌`\'ZokMߝ`n%m4vd>nآ\"\0I<#%{r`/9.Je[,y$ܕZ<]W<=Ē1D5wt+#H[C%Η%]O\'87%=;>rw$Jǻ[W-%POd	\0ϻںYK\0o~z>i	ޙuNGu}Ԛw^h#Qz6.#K	K	~QG&be\0ww7ʙebn^)3<\\tO t2	)/\0zΝ\'n`XO􄁃%܅KȒkW-ʠq>OwezƜ{t<(Q573y*q)SI\\S&\0ZZ`-iWFLT[e19T.fz.G^q)i{xQ;\0t?xό	S?ޮDFNf4E\\OxkssL\0yxQl-+TôLŚvMý[~\"𕌜闙\0<ӱ.l)W&\nomDu[rȏYnAC?yhYÐVOo\0\0dMY2iy},2jhK݆Gȱ9lh9.?Dek55\'Kڞ>ty=|<)_n]^7+EVNC/6}\ZNMN{jqK|FK$5}-龏\'Y_9[|v:-S\\\\<\'P\\,[5?7f|&\rc5ǿKlEn\n|Kn	?w2Oe9ɚg-$ekzQgd?`aFbb>b,Z~BQ4bKe$K(J]<ڔv6IRXrW!IYl%r-k˲)y)r;[I>>]90bǤx[&Y^c^/E2)ųo*7[TmLe״\'1d,r_ˏXo<<}M<N,[YReƉz`]e\"imk`[Dlh\nb1?$Nɩ7	`yCPdsRKD\0_x8\"Gq%{PQ3o/\\v6N-#ٛ6}J\"#\n6$w\Zr\rZ1=ݿsS֨U *S\0Cۗ3d_@F\nUF\0\r;\r4c(~NOkoRe\0f\\(};S&0;^Zdפ2\03xOآQdN_)Hi3GiC0럑zLX<hOׯ&#WA$w*Z>m,#}<Nz\0Ag|\'#)I@!q)7{tUiU#{7=^Fj.㗡\'ĝM+#\00GiX}2;/,e`w*nRah5IF\0`[7h^XZCko<$TpT-ojI)7 \0٣{OzzJQj};5?;5|@&\0]\ZEU8MF\0C~&~ҎgjIٚ-ڭd\0f;M\'	@YFO?gj	oͿs\0?._/YZzP	5wlMK\\\'}j=r\0ܹy\">nKwo9}Uag*[\0R8{\"\"zXDs`j	=f\'H^Hu@\r$nn!!tGSkVQTT%,,ZV@$n&ENiͿTUhYF\0`ƯcDZN_H\Z-NoZ9\n}&\0=am\ZHzOK@-$nMb~ESewaZ\0v\ZжWӔJWk.#\05vFF5r5`cYMPL4tBVO-	V[k\\`z1\0kQ2R/\ZZF\0 q+6{`m@Uۏ\0qD8>ui:|ĭІӵM-ɐ5?KF\0`	N[OX6(_@/$nEγ=9f5`5աXZ`ĭ\0ר΍d[l/\0jz8ۯYۭ@V %m]9.F#Ѣ\0H\"d	g	,!qЬ!tᔞh+J;ypvNPCeȚWF\0w\n|~)EEt`woݠ#C{\'|\0-$n;v*~ojIKļP\00o^tQSOX2U}x\Z$n;vt|V(k2\03v,NvoZY_j u qaU=SKـ^VF\0`Ѵri5;\'RI\'\rfozd2w\0gQ;\rl	ԇmB̞\rk|~1`Am鞦WiC%+VHtt-o@J)S<2\03<.3-T-z @N{o=4)\0zefΖZN@ڀĝ+֚/T%nL-Ǖ31bՠW q?ŎweV/SޘZ`6_״Xvb0\Z=Hὴs>hct%oUkHea0\ZMHlG2RUq Z\0<u ;-#|Z~0H3}*\rPɊ1=}~Xg	5\r	6GZ/*O\r\0qi[.#?N_AچC-e9rSe\0f𞰥>֬`zt\0.$nWO5e\0|:[5`5#RFT	\0[w:kk(+\\LF\0`Ǝat\"z\n,\\Z+pH>uY\00؞us{z\"\0@f6|JWHQ2$\\F\0`ƕG1]e^5\'\02RM_&#\00ZE[OXӎ!T2eq}aZ?)TFꍘң.k\'gݴS\0&5?/ޱB/h\0سt2ظHFj#dx\\6qߒzAFjhuZ\0qnf0~_xzd4c4y\n,RZ*#\00i-dއR~􄁃s}x7,q.#ԒhkFN_hږ*m,#\0r{OdI#(k2\03_;.:\"#^z<\nEV9T=k׋ʼ%\0Z?},@=âd\\*q,UR51^O֨R\\\rK%nZBE@L-Hw˒Zt\\*qnfo@ܽy]	و*=4\ZuJyњHsr*J=9T],\\m<k@)I@#0\rK%nUo_)Obj	*kYeɁ;~r]NʯȔ9{j3y\0GJWuLJ9T.j9E\\vʒ}TkDo4=&QpU\0t(jEzqG@Q	\0ro\'ݠwk:\0:s4LFɓ%c\'\\[#.+it^rwc-Κ1nlf,	l>/UF/Ր_	\0qoFLr|S|OnT&T8\"MC7.gе1\"qgʞ,AEjR*M\0,ݻucu1,	;({T^8V\\Z\0\0\0\0IENDB`',0),(1170,260,1,1,'','index.html','text/html','<!DOCTYPE html>\n<html>\n<head>\n    <title>Popravljanje jeza</title>\n        <meta http-equiv=\"Content-Type\" content=\"text/html; charset=UTF-8\">\n    <script src=\"https://ajax.googleapis.com/ajax/libs/jquery/1.10.2/jquery.min.js\"></script>\n    <script type=\"text/javascript\">\n        /* <![CDATA[ */\n        var task = {\n            load: function (randomSeed, mode) { task.randomizeAnswers(randomSeed);  },\n            unload: function () { return true; },\n            getAnswer: function () {\n                var answer = jQuery(\"input[name=\'answer\']:checked\");\n                if (answer.length > 0) { return jQuery(answer[0]).val(); }\n                else { return \'\'; }\n            },\n            reloadAnswer: function (answer) {\n                if (answer) {\n                    jQuery(\"input[name=\'answer\']\").each(function () {\n                        if (jQuery(this).val() === answer) {\n                            jQuery(this).prop(\'checked\', true);\n                        }}); }\n                else { jQuery(\"input[name=\'answer\']\").prop(\'checked\', false); }\n            },\n            displayMessage: function (type, html, isOptional) {\n                if (type === \'validate\') {\n                } else if (type === \'cancel\') {\n                    if (confirm(\'Ali želite poenostaviti odgovore?\')) {\n                        taskReloadAnswer(\'\');\n                    }\n                } else if (type === \'saved\') {}\n                else if (type === \'changed\') {}\n                else if (type === \'deleted\') {}\n            },\n            randomizeAnswers: function (seed) { task.shuffle(\"answers\", seed); },\n            shuffle: function (tblName, seed) {\n                var list = jQuery(\"#\" + tblName + \" > .answer\");\n                jQuery(\"#\" + tblName + \" > .answer\").remove();\n                var rand = new task.RandomNumberGenerator(seed);\n                for (var j, x, i = list.length; i>0; i--) {\n                    j = parseInt(rand.next() * i);\n                    if (j < 0) j = 0;\n                    if (j >= i) j =i-1;\n                    x = list[i-1]; list[i-1] = list[j]; list[j] = x\n                }\n                var answers = $(\"#\" + tblName);\n                for (i = 0; i < list.length; i++) {\n                    answers.append(list[i]);\n                }\n            },\n            nextRandomNumber: function () {\n                var hi = this.seed / this.Q;\n                var lo = this.seed % this.Q;\n                var test = this.A * lo - this.R * hi;\n                if (test > 0) {\n                    this.seed = test;\n                } else {\n                    this.seed = test + this.M;\n                }\n                return (this.seed * this.oneOverM);\n            },\n            RandomNumberGenerator: function (s) {\n                var d = new Date();\n                this.seed = s;\n                this.A = 48271;\n                this.M = 2147483647;\n                this.Q = this.M / this.A;\n                this.R = this.M % this.A;\n                this.oneOverM = 1.0 / this.M;\n                this.next = task.nextRandomNumber;\n                return this;\n            }\n        };\n        /* ]]> */\n    </script>\n    <style type=\"text/css\">\n        @import url(https://fonts.googleapis.com/css?family=Lato);\n\n        body {\n            font-size: 15px;\n            line-height: 21px;\n            font-family: Lato, Helvetica;\n        }\n\n        ul {\n            list-style-type: disc;\n        }\n\n        label {\n            padding-left: 10px;\n        }\n\n        .answer{\n            background: whitesmoke;\n            border-radius: 10px;\n            margin-bottom: 20px;\n            padding: 20px;\n            border: grey 1px solid;\n        }\n\n        img.centered-image {\n            display: block;\n            margin-left: auto;\n            margin-right: auto;\n            }\n\n        div.answer, div.answer input, div.answer img {\n            vertical-align: middle;\n        }\n\n        div.answer {\n            margin-right: 15px;\n        }\n    </style>\n\n</head>\n<body>\n<div>\n<p>Poplave so odplavile enega od hlodov jeza nad Bobrovim logom in bober Miha\n   ga mora popraviti. Bomo zmogli? (Bomo, da!)</p>\n\n<p>Manjkajoči hlod je dolg 387 cm. Miha ima na razpolago hlode in odrezke\n   naslednjih dolžin:</p>\n\n<p style=\"text-align: center\">1 cm, 2 cm, 5 cm, 10 cm, 11 cm, 20 cm, 27 cm,\n                              30 cm, 37 cm, 50 cm, 51 cm, 100 cm, 117 cm, 200 cm.</p>\n<p>Manjkajoči hlod želi sestaviti iz čim manj kosov, da bo tako trdnejši.\n   Koliko kosov mora uporabiti?</p>\n\n</div>\n<form action=\"get\" onsubmit=\"return false;\" style=\"margin-top: 20px\">\n    <div id=\"answers\">\n            <center><table><tr><td>\n            <div class=\"answer\">\n                <input type=\"radio\" name=\"answer\" value=\"13161\" id=\"answer1\">\n                <label for=\"answer1\">\n                    Tri\n                </label>\n            </div>\n        </td>\n        <td>\n            <div class=\"answer\">\n                <input type=\"radio\" name=\"answer\" value=\"13162\" id=\"answer2\">\n                <label for=\"answer2\">\n                    Štiri\n                </label>\n            </div>\n        </td>\n        <td>\n            <div class=\"answer\">\n                <input type=\"radio\" name=\"answer\" value=\"13163\" id=\"answer3\">\n                <label for=\"answer3\">\n                    Pet\n                </label>\n            </div>\n        </td>\n        <td>\n            <div class=\"answer\">\n                <input type=\"radio\" name=\"answer\" value=\"13164\" id=\"answer4\">\n                <label for=\"answer4\">\n                    Sedem\n                </label>\n            </div>\n        </td></tr></table></center>\n\n    </div>\n\n</form>\n</body>\n</html>\n',1),(1171,260,1,5,'','','application/javascript','',0);
/*!40000 ALTER TABLE `question_resource` ENABLE KEYS */;
UNLOCK TABLES;

--
-- Table structure for table `question_translation`
--

DROP TABLE IF EXISTS `question_translation`;
/*!40101 SET @saved_cs_client     = @@character_set_client */;
/*!40101 SET character_set_client = utf8 */;
CREATE TABLE `question_translation` (
  `id` int(11) NOT NULL AUTO_INCREMENT,
  `question_id` int(11) NOT NULL,
  `language_id` int(11) NOT NULL,
  `title` varchar(255) NOT NULL,
  `text` text,
  `data` text,
  PRIMARY KEY (`id`),
  UNIQUE KEY `question_id_2` (`question_id`,`language_id`),
  KEY `language_id` (`language_id`),
  KEY `question_id` (`question_id`),
  CONSTRAINT `question_translation_ibfk_2` FOREIGN KEY (`language_id`) REFERENCES `language` (`id`) ON DELETE CASCADE ON UPDATE NO ACTION,
  CONSTRAINT `question_translation_ibfk_3` FOREIGN KEY (`question_id`) REFERENCES `question` (`id`) ON DELETE CASCADE ON UPDATE NO ACTION
) DEFAULT CHARSET=utf8;
/*!40101 SET character_set_client = @saved_cs_client */;

--
-- Dumping data for table `question_translation`
--

LOCK TABLES `question_translation` WRITE;
/*!40000 ALTER TABLE `question_translation` DISABLE KEYS */;
/*!40000 ALTER TABLE `question_translation` ENABLE KEYS */;
UNLOCK TABLES;

--
-- Table structure for table `region`
--

DROP TABLE IF EXISTS `region`;
/*!40101 SET @saved_cs_client     = @@character_set_client */;
/*!40101 SET character_set_client = utf8 */;
CREATE TABLE `region` (
  `id` int(11) NOT NULL AUTO_INCREMENT,
  `name` varchar(255) NOT NULL,
  `country_id` int(11) NOT NULL,
  PRIMARY KEY (`id`),
  UNIQUE KEY `name` (`name`,`country_id`),
  KEY `country_id` (`country_id`),
  CONSTRAINT `region_ibfk_1` FOREIGN KEY (`country_id`) REFERENCES `country` (`id`) ON DELETE CASCADE ON UPDATE NO ACTION
) AUTO_INCREMENT=17 DEFAULT CHARSET=utf8;
/*!40101 SET character_set_client = @saved_cs_client */;

--
-- Dumping data for table `region`
--

LOCK TABLES `region` WRITE;
/*!40000 ALTER TABLE `region` DISABLE KEYS */;
INSERT INTO `region` VALUES (16,'Dol',4),(15,'Klanec',4);
/*!40000 ALTER TABLE `region` ENABLE KEYS */;
UNLOCK TABLES;

--
-- Table structure for table `school`
--

DROP TABLE IF EXISTS `school`;
/*!40101 SET @saved_cs_client     = @@character_set_client */;
/*!40101 SET character_set_client = utf8 */;
CREATE TABLE `school` (
  `id` int(11) NOT NULL AUTO_INCREMENT,
  `name` varchar(255) NOT NULL,
  `school_category_id` int(11) NOT NULL,
  `level_of_education` int(1) NOT NULL DEFAULT '0' COMMENT '0 == Osnovna šola, 1 == srednja šola',
  `address` varchar(255) DEFAULT NULL,
  `post` varchar(255) DEFAULT NULL,
  `postal_code` int(10) DEFAULT NULL,
  `municipality_id` int(11) DEFAULT NULL,
  `region_id` int(11) DEFAULT NULL,
  `country_id` int(11) NOT NULL DEFAULT '1',
  `tax_number` varchar(12) DEFAULT NULL,
  `identifier` varchar(20) DEFAULT NULL,
  `headmaster` varchar(255) DEFAULT NULL,
  PRIMARY KEY (`id`),
  UNIQUE KEY `name` (`name`),
  KEY `school_category_id` (`school_category_id`),
  KEY `country_id` (`country_id`),
  KEY `municipality_id` (`municipality_id`),
  KEY `region_id` (`region_id`),
  CONSTRAINT `school_ibfk_1` FOREIGN KEY (`school_category_id`) REFERENCES `school_category` (`id`) ON DELETE NO ACTION ON UPDATE NO ACTION,
  CONSTRAINT `school_ibfk_2` FOREIGN KEY (`municipality_id`) REFERENCES `municipality` (`id`) ON DELETE CASCADE ON UPDATE NO ACTION,
  CONSTRAINT `school_ibfk_3` FOREIGN KEY (`region_id`) REFERENCES `region` (`id`) ON DELETE CASCADE ON UPDATE NO ACTION,
  CONSTRAINT `school_ibfk_4` FOREIGN KEY (`country_id`) REFERENCES `country` (`id`) ON DELETE CASCADE ON UPDATE NO ACTION
) AUTO_INCREMENT=1059 DEFAULT CHARSET=utf8;
/*!40101 SET character_set_client = @saved_cs_client */;

--
-- Dumping data for table `school`
--

LOCK TABLES `school` WRITE;
/*!40000 ALTER TABLE `school` DISABLE KEYS */;
INSERT INTO `school` VALUES (1058,'Butale elementary',4,1,'Pri cerkvi 1','Butale',1,261,16,4,'','','');
/*!40000 ALTER TABLE `school` ENABLE KEYS */;
UNLOCK TABLES;

--
-- Table structure for table `school_category`
--

DROP TABLE IF EXISTS `school_category`;
/*!40101 SET @saved_cs_client     = @@character_set_client */;
/*!40101 SET character_set_client = utf8 */;
CREATE TABLE `school_category` (
  `id` int(11) NOT NULL AUTO_INCREMENT,
  `name` varchar(255) NOT NULL,
  `active` tinyint(1) NOT NULL DEFAULT '0',
  PRIMARY KEY (`id`),
  UNIQUE KEY `name` (`name`)
) AUTO_INCREMENT=15 DEFAULT CHARSET=utf8;
/*!40101 SET character_set_client = @saved_cs_client */;

--
-- Dumping data for table `school_category`
--

LOCK TABLES `school_category` WRITE;
/*!40000 ALTER TABLE `school_category` DISABLE KEYS */;
INSERT INTO `school_category` VALUES (1,'osnovna šola',1),(2,'druge organizacija za izobraževanje odraslih',0),(3,'višja strokovna šola',0),(4,'vrtec',0),(5,'ljudska univerza',0),(6,'srednja šola',1),(7,'šolske in obšolske dejavnosti',0),(8,'Zavod za otroke s posebnimi potrebami',0),(9,'osnovna šola za otroke s posebnimi potrebami',0),(10,'Center za usposabljanje, delo in varstvo',0),(11,'dijaški dom',0),(12,'osnovno šolstvo (strokovne službe)',0),(13,'glasbena šola',0),(14,'svetovalni centri',0);
/*!40000 ALTER TABLE `school_category` ENABLE KEYS */;
UNLOCK TABLES;

--
-- Table structure for table `school_mentor`
--

DROP TABLE IF EXISTS `school_mentor`;
/*!40101 SET @saved_cs_client     = @@character_set_client */;
/*!40101 SET character_set_client = utf8 */;
CREATE TABLE `school_mentor` (
  `id` int(11) NOT NULL AUTO_INCREMENT,
  `school_id` int(11) NOT NULL,
  `user_id` int(11) NOT NULL,
  `active` tinyint(1) NOT NULL DEFAULT '0',
  `activated_by` int(11) DEFAULT NULL,
  `activated_timestamp` timestamp NULL DEFAULT NULL,
  `coordinator` tinyint(1) NOT NULL DEFAULT '0',
  PRIMARY KEY (`id`),
  KEY `user_id` (`user_id`),
  KEY `school_id_user_id` (`school_id`,`user_id`),
  KEY `school_id` (`school_id`),
  KEY `activated_by` (`activated_by`),
  CONSTRAINT `school_mentor_ibfk_1` FOREIGN KEY (`school_id`) REFERENCES `school` (`id`) ON DELETE CASCADE ON UPDATE NO ACTION,
  CONSTRAINT `school_mentor_ibfk_2` FOREIGN KEY (`user_id`) REFERENCES `users` (`id`) ON DELETE CASCADE ON UPDATE NO ACTION,
  CONSTRAINT `school_mentor_ibfk_3` FOREIGN KEY (`activated_by`) REFERENCES `users` (`id`) ON DELETE CASCADE ON UPDATE NO ACTION
) AUTO_INCREMENT=2 DEFAULT CHARSET=utf8;
/*!40101 SET character_set_client = @saved_cs_client */;

--
-- Dumping data for table `school_mentor`
--

LOCK TABLES `school_mentor` WRITE;
/*!40000 ALTER TABLE `school_mentor` DISABLE KEYS */;
INSERT INTO `school_mentor` VALUES (1,1058,2,1,1,'2013-06-30 22:00:00',1);
/*!40000 ALTER TABLE `school_mentor` ENABLE KEYS */;
UNLOCK TABLES;

--
-- Table structure for table `users`
--

DROP TABLE IF EXISTS `users`;
/*!40101 SET @saved_cs_client     = @@character_set_client */;
/*!40101 SET character_set_client = utf8 */;
CREATE TABLE `users` (
  `id` int(11) NOT NULL AUTO_INCREMENT,
  `username` varchar(20) NOT NULL DEFAULT '',
  `password` varchar(128) NOT NULL DEFAULT '',
  `email` varchar(128) NOT NULL DEFAULT '',
  `activkey` varchar(128) NOT NULL DEFAULT '',
  `createtime` int(10) NOT NULL DEFAULT '0',
  `lastvisit` int(10) NOT NULL DEFAULT '0',
  `superuser` int(1) NOT NULL DEFAULT '0',
  `status` int(1) NOT NULL DEFAULT '0',
  `create_at` timestamp NOT NULL DEFAULT CURRENT_TIMESTAMP,
  `lastvisit_at` timestamp NOT NULL DEFAULT '0000-00-00 00:00:00',
  PRIMARY KEY (`id`),
  UNIQUE KEY `user_username` (`username`),
  UNIQUE KEY `user_email` (`email`)
) AUTO_INCREMENT=3 DEFAULT CHARSET=utf8;
/*!40101 SET character_set_client = @saved_cs_client */;

--
-- Dumping data for table `users`
--

LOCK TABLES `users` WRITE;
/*!40000 ALTER TABLE `users` DISABLE KEYS */;
INSERT INTO `users` VALUES (1,'admin','c7ad44cbad762a5da0a452f9e854fdc1e0e7a52a38015f23f3eab1d80b931dd472634dfac71cd34ebc35d16ab7fb8a90c81f975113d6c7538dc69dd8de9077ec','admin@example.net','901f2be1b43413de5e74977ce1a56055a9b12e11631bf1964600948a99cf35572b823ec503b2db247d962c0ba745d780ce644826ee98a6681598ab0aafbc1b10',1384021190,0,1,1,'2013-11-09 18:19:50','0000-00-00 00:00:00'),(2,'kozmijanbuta','286dfa10ae9354691469223f6bd820bd762aa257bb26cf561d4eedd9266e82be277900a3d319e9e83aa83f94cba6a7933cb3c918b326fc43f0333b407435824f','kozmijan@example.com','f9e9a7773df4a9accabc459043f6a0fc0aa9401cf55cf4b2cf987ec1c3dfaf0d342abf3d9f77f5a7f17379d259879f4eae4a6bbd921ce80e510f920f5d911a10',0,0,0,0,'2014-08-11 13:44:48','0000-00-00 00:00:00');
/*!40000 ALTER TABLE `users` ENABLE KEYS */;
UNLOCK TABLES;
/*!40103 SET TIME_ZONE=@OLD_TIME_ZONE */;

/*!40101 SET SQL_MODE=@OLD_SQL_MODE */;
/*!40014 SET FOREIGN_KEY_CHECKS=@OLD_FOREIGN_KEY_CHECKS */;
/*!40014 SET UNIQUE_CHECKS=@OLD_UNIQUE_CHECKS */;
/*!40101 SET CHARACTER_SET_CLIENT=@OLD_CHARACTER_SET_CLIENT */;
/*!40101 SET CHARACTER_SET_RESULTS=@OLD_CHARACTER_SET_RESULTS */;
/*!40101 SET COLLATION_CONNECTION=@OLD_COLLATION_CONNECTION */;
/*!40111 SET SQL_NOTES=@OLD_SQL_NOTES */;

-- Dump completed on 2014-08-20 13:50:41
